chrom	start	end	window	arm	tier
chr1	5120870	5126320	1p.1	p	2
chr1	5128222	5136611	1p.1	p	2
chr1	5137354	5152837	1p.1	p	2
chr1	5168371	5175690	1p.1	p	2
chr1	5185073	5195661	1p.1	p	2
chr1	5195878	5205283	1p.1	p	2
chr1	5205296	5210456	1p.1	p	2
chr1	44207544	44218788	1p.2	p	1
chr1	44218788	44230032	1p.2	p	1
chr1	44240403	44259593	1p.2	p	1
chr1	44259593	44278784	1p.2	p	1
chr1	44278801	44291417	1p.2	p	1
chr1	44292047	44306637	1p.2	p	1
chr1	56897249	56908156	1p.3	p	2
chr1	56908156	56919063	1p.3	p	2
chr1	56920243	56928558	1p.3	p	2
chr1	56929482	56936596	1p.3	p	2
chr1	56936666	56942612	1p.3	p	2
chr1	56942617	56947800	1p.3	p	2
chr1	56947840	56967062	1p.3	p	2
chr1	56967239	56976207	1p.3	p	2
chr1	67724436	67742859	1p.4	p	2
chr1	67747266	67762588	1p.4	p	2
chr1	67762588	67777911	1p.4	p	2
chr1	67778213	67783474	1p.4	p	2
chr1	67784372	67790655	1p.4	p	2
chr1	67790656	67798720	1p.4	p	2
chr1	87895350	87910164	1p.5	p	2
chr1	87910166	87922939	1p.5	p	2
chr1	87922939	87935713	1p.5	p	2
chr1	87935911	87946057	1p.5	p	2
chr1	87953021	87960268	1p.5	p	2
chr1	87960306	87973963	1p.5	p	2
chr1	87973963	87987620	1p.5	p	2
chr1	94049530	94065960	1p.6	p	1
chr1	94065960	94071836	1p.6	p	1
chr1	94075223	94080939	1p.6	p	1
chr1	94081012	94097747	1p.6	p	1
chr1	94097962	94108798	1p.6	p	1
chr1	94108977	94114488	1p.6	p	1
chr1	108689610	108703243	1p.7	p	2
chr1	108703396	108710993	1p.7	p	2
chr1	108714798	108721184	1p.7	p	2
chr1	108721305	108729269	1p.7	p	2
chr1	108733834	108743776	1p.7	p	2
chr1	108743932	108760998	1p.7	p	2
chr1	108764559	108771356	1p.7	p	2
chr1	159156653	159165021	1q.1	q	2
chr1	159165032	159171311	1q.1	q	2
chr1	159173910	159188736	1q.1	q	2
chr1	159190696	159209594	1q.1	q	2
chr1	159210154	159215936	1q.1	q	2
chr1	159215957	159221490	1q.1	q	2
chr1	166016773	166022194	1q.2	q	1
chr1	166023028	166033628	1q.2	q	1
chr1	166033628	166044229	1q.2	q	1
chr1	166046662	166054013	1q.2	q	1
chr1	166054177	166066000	1q.2	q	1
chr1	166066000	166077824	1q.2	q	1
chr1	166078225	166084428	1q.2	q	1
chr1	166087171	166097167	1q.2	q	1
chr1	181693368	181711043	1q.3	q	2
chr1	181711043	181728718	1q.3	q	2
chr1	181729170	181734437	1q.3	q	2
chr1	181734834	181746576	1q.3	q	2
chr1	181746576	181758319	1q.3	q	2
chr1	181758319	181775471	1q.3	q	2
chr1	181775608	181787144	1q.3	q	2
chr1	204885257	204890689	1q.4	q	2
chr1	204890690	204897592	1q.4	q	2
chr1	204897938	204906676	1q.4	q	2
chr1	204919226	204926789	1q.4	q	2
chr1	204926961	204933923	1q.4	q	2
chr1	204940350	204951339	1q.4	q	2
chr1	204953503	204969827	1q.4	q	2
chr1	204969836	204984504	1q.4	q	2
chr1	219274496	219287927	1q.5	q	2
chr1	219287972	219300527	1q.5	q	2
chr1	219300715	219306742	1q.5	q	2
chr1	219314630	219320434	1q.5	q	2
chr1	219321545	219327111	1q.5	q	2
chr1	219327126	219339686	1q.5	q	2
chr1	219339686	219352246	1q.5	q	2
chr1	219356385	219369272	1q.5	q	2
chr1	221286128	221295344	1q.6	q	1
chr1	221301104	221311364	1q.6	q	1
chr1	221311364	221321625	1q.6	q	1
chr1	221325337	221330639	1q.6	q	1
chr1	221333206	221339281	1q.6	q	1
chr1	221346516	221356371	1q.6	q	1
chr1	221356589	221365115	1q.6	q	1
chr1	221365464	221383061	1q.6	q	1
chr2	7615293	7631245	2p.1	p	2
chr2	7631447	7640569	2p.1	p	2
chr2	7645882	7657546	2p.1	p	2
chr2	7658505	7677187	2p.1	p	2
chr2	7681753	7689632	2p.1	p	2
chr2	7689717	7696582	2p.1	p	2
chr2	7700427	7706240	2p.1	p	2
chr2	12700449	12706149	2p.2	p	1
chr2	12706292	12713701	2p.2	p	1
chr2	12720166	12733291	2p.2	p	1
chr2	12733291	12746417	2p.2	p	1
chr2	12747454	12759730	2p.2	p	1
chr2	12759730	12772006	2p.2	p	1
chr2	12773756	12780474	2p.2	p	1
chr2	38967781	38984729	2p.3	p	2
chr2	38985081	38998318	2p.3	p	2
chr2	39004244	39010043	2p.3	p	2
chr2	39011086	39025550	2p.3	p	2
chr2	39026183	39032710	2p.3	p	2
chr2	50378725	50384224	2p.4	p	2
chr2	50384262	50397686	2p.4	p	2
chr2	50416657	50424062	2p.4	p	2
chr2	50424362	50434052	2p.4	p	2
chr2	50439696	50454055	2p.4	p	2
chr2	50454078	50461738	2p.4	p	2
chr2	59853647	59861016	2p.5	p	2
chr2	59862577	59870578	2p.5	p	2
chr2	59870597	59885069	2p.5	p	2
chr2	59892895	59901372	2p.5	p	2
chr2	59901376	59907210	2p.5	p	2
chr2	59907419	59922459	2p.5	p	2
chr2	59922459	59937499	2p.5	p	2
chr2	71777060	71789294	2p.6	p	1
chr2	71789397	71805019	2p.6	p	1
chr2	71805019	71820641	2p.6	p	1
chr2	71820645	71836008	2p.6	p	1
chr2	71836008	71851371	2p.6	p	1
chr2	71851371	71866735	2p.6	p	1
chr2	86412606	86418621	2p.7	p	2
chr2	86418656	86434789	2p.7	p	2
chr2	86434790	86454590	2p.7	p	2
chr2	86454590	86474391	2p.7	p	2
chr2	86474420	86479471	2p.7	p	2
chr2	102679456	102687802	2q.1	q	2
chr2	102688628	102705613	2q.1	q	2
chr2	102707085	102713592	2q.1	q	2
chr2	102717168	102723279	2q.1	q	2
chr2	102723291	102730543	2q.1	q	2
chr2	102730756	102738376	2q.1	q	2
chr2	102740464	102746699	2q.1	q	2
chr2	102746719	102756944	2q.1	q	2
chr2	102758075	102768596	2q.1	q	2
chr2	102768609	102774429	2q.1	q	2
chr2	118588750	118599450	2q.2	q	1
chr2	118599587	118610127	2q.2	q	1
chr2	118610127	118620668	2q.2	q	1
chr2	118621763	118628114	2q.2	q	1
chr2	118628581	118636543	2q.2	q	1
chr2	118637833	118656060	2q.2	q	1
chr2	118656060	118674288	2q.2	q	1
chr2	143944651	143955992	2q.3	q	2
chr2	143955992	143967333	2q.3	q	2
chr2	143967533	143973496	2q.3	q	2
chr2	143973711	143982361	2q.3	q	2
chr2	143983675	143991379	2q.3	q	2
chr2	143992474	144002378	2q.3	q	2
chr2	144002378	144017058	2q.3	q	2
chr2	144017208	144026159	2q.3	q	2
chr2	144026321	144031781	2q.3	q	2
chr2	144031978	144042481	2q.3	q	2
chr2	177059377	177069754	2q.4	q	2
chr2	177069754	177080132	2q.4	q	2
chr2	177080647	177086624	2q.4	q	2
chr2	177092330	177101763	2q.4	q	2
chr2	177104417	177110621	2q.4	q	2
chr2	177110760	177119911	2q.4	q	2
chr2	177119971	177133113	2q.4	q	2
chr2	177135654	177144416	2q.4	q	2
chr2	177144845	177152931	2q.4	q	2
chr2	199077479	199085005	2q.5	q	2
chr2	199086111	199102557	2q.5	q	2
chr2	199104828	199116777	2q.5	q	2
chr2	199116947	199123602	2q.5	q	2
chr2	199123631	199132575	2q.5	q	2
chr2	199132783	199138627	2q.5	q	2
chr2	199138675	199149654	2q.5	q	2
chr2	199149884	199155200	2q.5	q	2
chr2	199159355	199168222	2q.5	q	2
chr2	199168230	199175799	2q.5	q	2
chr2	210520347	210526072	2q.6	q	1
chr2	210530908	210536319	2q.6	q	1
chr2	210536529	210554141	2q.6	q	1
chr2	210554684	210564377	2q.6	q	1
chr2	210564761	210578217	2q.6	q	1
chr2	210580743	210598627	2q.6	q	1
chr2	210598670	210614332	2q.6	q	1
chr3	17248973	17255386	3p.1	p	2
chr3	17255930	17262481	3p.1	p	2
chr3	17262677	17273618	3p.1	p	2
chr3	17277254	17284136	3p.1	p	2
chr3	17285469	17297300	3p.1	p	2
chr3	17300903	17317775	3p.1	p	2
chr3	17319777	17325360	3p.1	p	2
chr3	17325522	17337662	3p.1	p	2
chr3	34333988	34344061	3p.2	p	1
chr3	34344412	34357031	3p.2	p	1
chr3	34357031	34369651	3p.2	p	1
chr3	34372304	34388517	3p.2	p	1
chr3	34388517	34404731	3p.2	p	1
chr3	34407041	34412795	3p.2	p	1
chr3	42364547	42373079	3p.3	p	2
chr3	42373089	42386141	3p.3	p	2
chr3	42386222	42395813	3p.3	p	2
chr3	42395824	42405071	3p.3	p	2
chr3	42406389	42414364	3p.3	p	2
chr3	42414369	42424206	3p.3	p	2
chr3	42426746	42438049	3p.3	p	2
chr3	42439065	42445827	3p.3	p	2
chr3	62220565	62228339	3p.4	p	2
chr3	62228341	62239352	3p.4	p	2
chr3	62239354	62251252	3p.4	p	2
chr3	62251385	62263862	3p.4	p	2
chr3	62264040	62276228	3p.4	p	2
chr3	62276228	62288417	3p.4	p	2
chr3	62288557	62303172	3p.4	p	2
chr3	70050975	70066053	3p.5	p	2
chr3	70066053	70081132	3p.5	p	2
chr3	70081260	70098542	3p.5	p	2
chr3	70098556	70117911	3p.5	p	2
chr3	70119256	70124538	3p.5	p	2
chr3	70126880	70133969	3p.5	p	2
chr3	70134138	70141657	3p.5	p	2
chr3	81378407	81384378	3p.6	p	1
chr3	81384448	81399497	3p.6	p	1
chr3	81403661	81412604	3p.6	p	1
chr3	81415468	81421754	3p.6	p	1
chr3	81421781	81430938	3p.6	p	1
chr3	81431390	81438892	3p.6	p	1
chr3	81446445	81454371	3p.6	p	1
chr3	81456366	81476081	3p.6	p	1
chr3	102388068	102399939	3q.1	q	2
chr3	102399949	102411678	3q.1	q	2
chr3	102411823	102426256	3q.1	q	2
chr3	102426439	102431782	3q.1	q	2
chr3	102435838	102454679	3q.1	q	2
chr3	102463932	102470913	3q.1	q	2
chr3	102472445	102486205	3q.1	q	2
chr3	111939002	111944764	3q.2	q	1
chr3	111946190	111961059	3q.2	q	1
chr3	111964530	111972575	3q.2	q	1
chr3	111977126	111986478	3q.2	q	1
chr3	111986636	111994794	3q.2	q	1
chr3	111998322	112005689	3q.2	q	1
chr3	112005964	112017869	3q.2	q	1
chr3	112017870	112024223	3q.2	q	1
chr3	127163786	127177667	3q.3	q	2
chr3	127177890	127191014	3q.3	q	2
chr3	127191014	127204139	3q.3	q	2
chr3	127204141	127219672	3q.3	q	2
chr3	127219834	127230330	3q.3	q	2
chr3	127234612	127244904	3q.3	q	2
chr3	127244904	127255196	3q.3	q	2
chr3	127255379	127260612	3q.3	q	2
chr3	139603506	139611903	3q.4	q	2
chr3	139614053	139621543	3q.4	q	2
chr3	139624647	139633329	3q.4	q	2
chr3	139633386	139645013	3q.4	q	2
chr3	139648265	139662906	3q.4	q	2
chr3	139662906	139677547	3q.4	q	2
chr3	139677547	139692189	3q.4	q	2
chr3	147581487	147593952	3q.5	q	2
chr3	147600140	147608731	3q.5	q	2
chr3	147612281	147631679	3q.5	q	2
chr3	147639263	147658342	3q.5	q	2
chr3	147658366	147668692	3q.5	q	2
chr3	147668692	147679019	3q.5	q	2
chr3	160690566	160701104	3q.6	q	1
chr3	160701104	160711642	3q.6	q	1
chr3	160718124	160723278	3q.6	q	1
chr3	160728058	160736271	3q.6	q	1
chr3	160736639	160749159	3q.6	q	1
chr3	160749159	160761680	3q.6	q	1
chr3	160761690	160767086	3q.6	q	1
chr4	15338318	15349811	4p.1	p	2
chr4	15350801	15356110	4p.1	p	2
chr4	15358468	15367867	4p.1	p	2
chr4	15368723	15381189	4p.1	p	2
chr4	15381269	15389497	4p.1	p	2
chr4	15389609	15396978	4p.1	p	2
chr4	15396980	15407988	4p.1	p	2
chr4	15408121	15420193	4p.1	p	2
chr4	15420193	15432266	4p.1	p	2
chr4	24010690	24025658	4p.2	p	1
chr4	24025722	24037960	4p.2	p	1
chr4	24037960	24050198	4p.2	p	1
chr4	24053072	24058716	4p.2	p	1
chr4	24065523	24076876	4p.2	p	1
chr4	24076876	24088230	4p.2	p	1
chr4	29038780	29045292	4p.3	p	2
chr4	29048514	29053792	4p.3	p	2
chr4	29058399	29077214	4p.3	p	2
chr4	29077225	29097220	4p.3	p	2
chr4	29097220	29117215	4p.3	p	2
chr4	37085224	37103056	4p.4	p	2
chr4	37105540	37112618	4p.4	p	2
chr4	37112619	37124301	4p.4	p	2
chr4	37124540	37134428	4p.4	p	2
chr4	37136773	37145658	4p.4	p	2
chr4	37147215	37153002	4p.4	p	2
chr4	37153027	37158154	4p.4	p	2
chr4	42904056	42913236	4p.5	p	2
chr4	42914306	42931803	4p.5	p	2
chr4	42932042	42939392	4p.5	p	2
chr4	42939399	42949085	4p.5	p	2
chr4	42951664	42969314	4p.5	p	2
chr4	42969326	42982045	4p.5	p	2
chr4	42984036	42990166	4p.5	p	2
chr4	42990369	43000200	4p.5	p	2
chr4	46305332	46315906	4p.6	p	1
chr4	46319846	46328623	4p.6	p	1
chr4	46328664	46335510	4p.6	p	1
chr4	46335664	46347938	4p.6	p	1
chr4	46348862	46357692	4p.6	p	1
chr4	46361453	46373713	4p.6	p	1
chr4	46378581	46387168	4p.6	p	1
chr4	46388684	46400628	4p.6	p	1
chr4	52866908	52882416	4q.1	q	2
chr4	52882493	52887886	4q.1	q	2
chr4	52888076	52895184	4q.1	q	2
chr4	52901194	52910889	4q.1	q	2
chr4	52910917	52916289	4q.1	q	2
chr4	52916467	52923206	4q.1	q	2
chr4	52923251	52928654	4q.1	q	2
chr4	52930806	52935848	4q.1	q	2
chr4	52936026	52952362	4q.1	q	2
chr4	52953008	52958893	4q.1	q	2
chr4	80021073	80027058	4q.2	q	1
chr4	80028472	80041713	4q.2	q	1
chr4	80041749	80054366	4q.2	q	1
chr4	80054366	80066983	4q.2	q	1
chr4	80067120	80079558	4q.2	q	1
chr4	80081361	80087329	4q.2	q	1
chr4	80087335	80097245	4q.2	q	1
chr4	112371828	112389076	4q.3	q	2
chr4	112389160	112399583	4q.3	q	2
chr4	112400062	112405659	4q.3	q	2
chr4	112415516	112420920	4q.3	q	2
chr4	112421032	112426939	4q.3	q	2
chr4	112427714	112442005	4q.3	q	2
chr4	112442281	112455462	4q.3	q	2
chr4	112458084	112465187	4q.3	q	2
chr4	149369038	149378329	4q.4	q	2
chr4	149383680	149389379	4q.4	q	2
chr4	149389777	149405398	4q.4	q	2
chr4	149405467	149415861	4q.4	q	2
chr4	149423167	149440015	4q.4	q	2
chr4	149443661	149461157	4q.4	q	2
chr4	149461158	149468283	4q.4	q	2
chr4	154524996	154538223	4q.5	q	2
chr4	154538223	154551451	4q.5	q	2
chr4	154551563	154571243	4q.5	q	2
chr4	154575560	154585428	4q.5	q	2
chr4	154587724	154594417	4q.5	q	2
chr4	154594427	154600470	4q.5	q	2
chr4	154600565	154612471	4q.5	q	2
chr4	154612471	154624377	4q.5	q	2
chr4	174659862	174679146	4q.6	q	1
chr4	174684894	174691365	4q.6	q	1
chr4	174693319	174699178	4q.6	q	1
chr4	174710560	174718951	4q.6	q	1
chr4	174721138	174732114	4q.6	q	1
chr4	174732169	174744404	4q.6	q	1
chr4	174744404	174756639	4q.6	q	1
chr5	2497754	2504794	5p.1	p	2
chr5	2504797	2512093	5p.1	p	2
chr5	2512606	2518596	5p.1	p	2
chr5	2532636	2539153	5p.1	p	2
chr5	2542472	2561152	5p.1	p	2
chr5	2566678	2580832	5p.1	p	2
chr5	4661399	4673830	5p.2	p	1
chr5	4673982	4685456	5p.2	p	1
chr5	4697608	4704402	5p.2	p	1
chr5	4704433	4710367	5p.2	p	1
chr5	4715824	4726146	5p.2	p	1
chr5	4726146	4736469	5p.2	p	1
chr5	4738915	4745735	5p.2	p	1
chr5	7311790	7322218	5p.3	p	2
chr5	7329021	7340105	5p.3	p	2
chr5	10659042	10664119	5p.4	p	2
chr5	10665021	10670172	5p.4	p	2
chr5	10670224	10681063	5p.4	p	2
chr5	10691021	10699378	5p.4	p	2
chr5	16454387	16464190	5p.5	p	2
chr5	16470228	16476515	5p.5	p	2
chr5	16476566	16488904	5p.5	p	2
chr5	16489016	16495236	5p.5	p	2
chr5	16495722	16501958	5p.5	p	2
chr5	16504253	16510517	5p.5	p	2
chr5	18062516	18071607	5p.6	p	1
chr5	18072271	18077481	5p.6	p	1
chr5	18077482	18085326	5p.6	p	1
chr5	30143288	30161881	5p.7	p	2
chr5	30176680	30183598	5p.7	p	2
chr5	30183635	30191689	5p.7	p	2
chr5	30191690	30198206	5p.7	p	2
chr5	30207434	30212676	5p.7	p	2
chr5	30218577	30223804	5p.7	p	2
chr5	30223894	30229674	5p.7	p	2
chr5	30229675	30242487	5p.7	p	2
chr5	30262962	30269712	5p.8	p	2
chr5	30270467	30278138	5p.8	p	2
chr5	30279696	30291894	5p.8	p	2
chr5	37998989	38005670	5p.9	p	2
chr5	38013546	38019967	5p.9	p	2
chr5	38021095	38034034	5p.9	p	2
chr5	38870415	38879782	5p.10	p	1
chr5	38882411	38893599	5p.10	p	1
chr5	38897198	38905219	5p.10	p	1
chr5	38913465	38922950	5p.10	p	1
chr5	38928602	38934877	5p.10	p	1
chr5	41446947	41464456	5p.11	p	2
chr5	41464491	41471794	5p.11	p	2
chr5	44351910	44365182	5p.12	p	2
chr5	44365182	44378455	5p.12	p	2
chr5	61483812	61494706	5q.1	q	2
chr5	61494706	61505601	5q.1	q	2
chr5	61505949	61517778	5q.1	q	2
chr5	61518975	61528706	5q.1	q	2
chr5	61529115	61540955	5q.1	q	2
chr5	61540956	61554816	5q.1	q	2
chr5	61555283	61568026	5q.1	q	2
chr5	61568321	61574647	5q.1	q	2
chr5	71952560	71957901	5q.2	q	1
chr5	71957907	71969815	5q.2	q	1
chr5	71970538	71984310	5q.2	q	1
chr5	71985257	71998469	5q.2	q	1
chr5	71998469	72011681	5q.2	q	1
chr5	72017990	72031176	5q.2	q	1
chr5	72032048	72039442	5q.2	q	1
chr5	72039499	72044950	5q.2	q	1
chr5	116432156	116448052	5q.3	q	2
chr5	116448087	116466096	5q.3	q	2
chr5	116466116	116483867	5q.3	q	2
chr5	116487746	116500775	5q.3	q	2
chr5	116501666	116513247	5q.3	q	2
chr5	116513870	116523268	5q.3	q	2
chr5	116523273	116528882	5q.3	q	2
chr5	135618826	135630631	5q.4	q	2
chr5	135630786	135647358	5q.4	q	2
chr5	135647358	135663930	5q.4	q	2
chr5	135663930	135680502	5q.4	q	2
chr5	135685540	135692037	5q.4	q	2
chr5	135692101	135700245	5q.4	q	2
chr5	135700312	135705961	5q.4	q	2
chr5	158598382	158605249	5q.5	q	2
chr5	158605559	158612506	5q.5	q	2
chr5	158616364	158630954	5q.5	q	2
chr5	158630954	158645545	5q.5	q	2
chr5	158649577	158666431	5q.5	q	2
chr5	158666739	158680861	5q.5	q	2
chr5	158680865	158687512	5q.5	q	2
chr5	161374139	161386460	5q.6	q	1
chr5	161386460	161398782	5q.6	q	1
chr5	161398790	161416593	5q.6	q	1
chr5	161416626	161429074	5q.6	q	1
chr5	161429163	161437621	5q.6	q	1
chr6	1775202	1782875	6p.1	p	2
chr6	1784318	1800442	6p.1	p	2
chr6	1800481	1810414	6p.1	p	2
chr6	1810451	1818323	6p.1	p	2
chr6	1819551	1826986	6p.1	p	2
chr6	1827694	1832702	6p.1	p	2
chr6	25531946	25539477	6p.2	p	1
chr6	25541737	25546789	6p.2	p	1
chr6	25546804	25555443	6p.2	p	1
chr6	25555504	25562341	6p.2	p	1
chr6	25570166	25582784	6p.2	p	1
chr6	25586864	25598019	6p.2	p	1
chr6	25598019	25609175	6p.2	p	1
chr6	25613540	25622261	6p.2	p	1
chr6	25622278	25631202	6p.2	p	1
chr6	35006680	35015235	6p.3	p	2
chr6	35015354	35021700	6p.3	p	2
chr6	35024212	35039187	6p.3	p	2
chr6	35043842	35055434	6p.3	p	2
chr6	35056483	35068045	6p.3	p	2
chr6	35076822	35095428	6p.3	p	2
chr6	35095451	35100456	6p.3	p	2
chr6	41501653	41507305	6p.4	p	2
chr6	41507386	41513946	6p.4	p	2
chr6	41515680	41521451	6p.4	p	2
chr6	41526058	41533193	6p.4	p	2
chr6	41533355	41542530	6p.4	p	2
chr6	41548062	41554655	6p.4	p	2
chr6	41556526	41565079	6p.4	p	2
chr6	41565102	41575110	6p.4	p	2
chr6	41575148	41585219	6p.4	p	2
chr6	41585219	41595290	6p.4	p	2
chr6	50040005	50047961	6p.5	p	2
chr6	50047971	50064328	6p.5	p	2
chr6	50064334	50074561	6p.5	p	2
chr6	50074562	50080959	6p.5	p	2
chr6	50081813	50089571	6p.5	p	2
chr6	50089573	50105528	6p.5	p	2
chr6	50105528	50121483	6p.5	p	2
chr6	50121662	50133716	6p.5	p	2
chr6	56211500	56221995	6p.6	p	1
chr6	56222156	56227548	6p.6	p	1
chr6	56228362	56244385	6p.6	p	1
chr6	56244385	56260408	6p.6	p	1
chr6	56260626	56267564	6p.6	p	1
chr6	56283708	56290667	6p.6	p	1
chr6	56290680	56301705	6p.6	p	1
chr6	69212435	69227972	6q.1	q	2
chr6	69228143	69243239	6q.1	q	2
chr6	69243445	69249023	6q.1	q	2
chr6	69249105	69254693	6q.1	q	2
chr6	69259625	69273004	6q.1	q	2
chr6	69277145	69285457	6q.1	q	2
chr6	97083152	97091980	6q.2	q	1
chr6	97092203	97103212	6q.2	q	1
chr6	97107187	97112485	6q.2	q	1
chr6	97112563	97118360	6q.2	q	1
chr6	97118476	97129611	6q.2	q	1
chr6	97129791	97135324	6q.2	q	1
chr6	97137685	97143883	6q.2	q	1
chr6	97144000	97153396	6q.2	q	1
chr6	97159046	97173978	6q.2	q	1
chr6	97174084	97180095	6q.2	q	1
chr6	105430138	105438680	6q.3	q	2
chr6	105438762	105447358	6q.3	q	2
chr6	105449309	105461452	6q.3	q	2
chr6	105461452	105473595	6q.3	q	2
chr6	105481149	105487805	6q.3	q	2
chr6	105490495	105498549	6q.3	q	2
chr6	105498672	105506943	6q.3	q	2
chr6	105507009	105517428	6q.3	q	2
chr6	124413191	124424017	6q.4	q	2
chr6	124424162	124435843	6q.4	q	2
chr6	124436430	124450548	6q.4	q	2
chr6	124450548	124464667	6q.4	q	2
chr6	124465538	124474812	6q.4	q	2
chr6	124474875	124482851	6q.4	q	2
chr6	124483014	124500388	6q.4	q	2
chr6	124500389	124505890	6q.4	q	2
chr6	143345742	143351579	6q.5	q	2
chr6	143352641	143362426	6q.5	q	2
chr6	143364474	143372313	6q.5	q	2
chr6	143376085	143388241	6q.5	q	2
chr6	143392406	143398295	6q.5	q	2
chr6	143398296	143409671	6q.5	q	2
chr6	143410456	143416591	6q.5	q	2
chr6	143421515	143430645	6q.5	q	2
chr6	143430770	143443600	6q.5	q	2
chr6	165934056	165943137	6q.6	q	1
chr6	165946427	165953401	6q.6	q	1
chr6	165953405	165958432	6q.6	q	1
chr6	165958748	165969365	6q.6	q	1
chr6	165969365	165979982	6q.6	q	1
chr6	165982813	165997084	6q.6	q	1
chr6	165997084	166011355	6q.6	q	1
chr7	18441948	18456373	7p.1	p	2
chr7	18460711	18478075	7p.1	p	2
chr7	18478266	18491359	7p.1	p	2
chr7	18491359	18504452	7p.1	p	2
chr7	18511061	18516577	7p.1	p	2
chr7	18516756	18531968	7p.1	p	2
chr7	18532126	18539979	7p.1	p	2
chr7	28729597	28736194	7p.2	p	1
chr7	28736370	28741786	7p.2	p	1
chr7	28744540	28756279	7p.2	p	1
chr7	28757542	28776056	7p.2	p	1
chr7	28780020	28786437	7p.2	p	1
chr7	36862375	36868349	7p.3	p	2
chr7	36870666	36884047	7p.3	p	2
chr7	36884093	36899365	7p.3	p	2
chr7	36899365	36914638	7p.3	p	2
chr7	36914704	36921006	7p.3	p	2
chr7	36921224	36931313	7p.3	p	2
chr7	39261426	39274139	7p.4	p	2
chr7	39277861	39295339	7p.4	p	2
chr7	39307830	39320900	7p.4	p	2
chr7	39333659	39340287	7p.4	p	2
chr7	39341189	39347558	7p.4	p	2
chr7	39348387	39360053	7p.4	p	2
chr7	41127242	41140840	7p.5	p	2
chr7	41140840	41154438	7p.5	p	2
chr7	41155027	41171917	7p.5	p	2
chr7	41171942	41179997	7p.5	p	2
chr7	41181942	41187821	7p.5	p	2
chr7	41187991	41199896	7p.5	p	2
chr7	41200104	41214014	7p.5	p	2
chr7	41214079	41221756	7p.5	p	2
chr7	46704092	46715762	7p.6	p	1
chr7	46715762	46727432	7p.6	p	1
chr7	46730889	46741534	7p.6	p	1
chr7	46741534	46752180	7p.6	p	1
chr7	46752253	46769247	7p.6	p	1
chr7	46769430	46777112	7p.6	p	1
chr7	46781210	46790167	7p.6	p	1
chr7	46793126	46799635	7p.6	p	1
chr7	49202364	49211808	7p.7	p	2
chr7	49213092	49230260	7p.7	p	2
chr7	49245493	49250930	7p.7	p	2
chr7	49251097	49257110	7p.7	p	2
chr7	49257854	49272994	7p.7	p	2
chr7	49272994	49288135	7p.7	p	2
chr7	86427412	86440377	7q.1	q	2
chr7	86444179	86456876	7q.1	q	2
chr7	86460924	86466070	7q.1	q	2
chr7	86466238	86483766	7q.1	q	2
chr7	86485705	86493230	7q.1	q	2
chr7	86493406	86508844	7q.1	q	2
chr7	86508844	86524283	7q.1	q	2
chr7	91191646	91197125	7q.2	q	1
chr7	91197241	91205975	7q.2	q	1
chr7	91205995	91211394	7q.2	q	1
chr7	91218264	91223793	7q.2	q	1
chr7	91223827	91238126	7q.2	q	1
chr7	91238319	91252760	7q.2	q	1
chr7	91258223	91265208	7q.2	q	1
chr7	91272120	91290990	7q.2	q	1
chr7	121747510	121760711	7q.3	q	2
chr7	121764152	121776224	7q.3	q	2
chr7	121777642	121789717	7q.3	q	2
chr7	121794347	121800160	7q.3	q	2
chr7	121800211	121806462	7q.3	q	2
chr7	121808745	121816840	7q.3	q	2
chr7	121816926	121823998	7q.3	q	2
chr7	121825654	121834373	7q.3	q	2
chr7	121834519	121844721	7q.3	q	2
chr7	128058792	128069917	7q.4	q	2
chr7	128069917	128081043	7q.4	q	2
chr7	128081191	128088574	7q.4	q	2
chr7	128089255	128097627	7q.4	q	2
chr7	128098674	128104895	7q.4	q	2
chr7	128110368	128119787	7q.4	q	2
chr7	128119899	128125630	7q.4	q	2
chr7	128140794	128146481	7q.4	q	2
chr7	136330865	136344652	7q.5	q	2
chr7	136347262	136360424	7q.5	q	2
chr7	136360532	136371380	7q.5	q	2
chr7	136375600	136380894	7q.5	q	2
chr7	136388589	136397590	7q.5	q	2
chr7	136397746	136403101	7q.5	q	2
chr7	136405689	136412555	7q.5	q	2
chr7	141142616	141160906	7q.6	q	1
chr7	141161047	141168617	7q.6	q	1
chr7	141168618	141174112	7q.6	q	1
chr7	141178179	141185107	7q.6	q	1
chr7	141188040	141194094	7q.6	q	1
chr7	141199895	141210182	7q.6	q	1
chr7	141216027	141232009	7q.6	q	1
chr7	141232186	141237740	7q.6	q	1
chr8	28113477	28121410	8p.1	p	2
chr8	28123001	28128245	8p.1	p	2
chr8	28128246	28133991	8p.1	p	2
chr8	28145819	28152517	8p.1	p	2
chr8	28152714	28160743	8p.1	p	2
chr8	28161333	28175985	8p.1	p	2
chr8	28176010	28182376	8p.1	p	2
chr8	28183464	28190719	8p.1	p	2
chr8	29753135	29762416	8p.2	p	1
chr8	29764405	29770995	8p.2	p	1
chr8	29771175	29783616	8p.2	p	1
chr8	29783620	29789935	8p.2	p	1
chr8	29790000	29805434	8p.2	p	1
chr8	29805584	29814012	8p.2	p	1
chr8	29817677	29834417	8p.2	p	1
chr8	29834424	29840786	8p.2	p	1
chr8	32639195	32654377	8p.3	p	2
chr8	32656029	32672051	8p.3	p	2
chr8	32672236	32682747	8p.3	p	2
chr8	32682747	32693258	8p.3	p	2
chr8	32698089	32705128	8p.3	p	2
chr8	32705337	32713922	8p.3	p	2
chr8	32716621	32723572	8p.3	p	2
chr8	32723611	32728777	8p.3	p	2
chr8	34248690	34257115	8p.4	p	2
chr8	34257118	34263566	8p.4	p	2
chr8	34263703	34270118	8p.4	p	2
chr8	34273924	34285933	8p.4	p	2
chr8	34286123	34297335	8p.4	p	2
chr8	34303247	34308515	8p.4	p	2
chr8	34309604	34318956	8p.4	p	2
chr8	35004480	35010370	8p.5	p	2
chr8	35010407	35016219	8p.5	p	2
chr8	35021956	35039249	8p.5	p	2
chr8	35040735	35046231	8p.5	p	2
chr8	35053805	35061360	8p.5	p	2
chr8	35070563	35076393	8p.5	p	2
chr8	35077747	35089421	8p.5	p	2
chr8	37046512	37061853	8p.6	p	1
chr8	37061853	37077195	8p.6	p	1
chr8	37077197	37089171	8p.6	p	1
chr8	37096432	37102288	8p.6	p	1
chr8	37102455	37107908	8p.6	p	1
chr8	37113472	37121802	8p.6	p	1
chr8	40521278	40532768	8p.7	p	2
chr8	40542405	40559656	8p.7	p	2
chr8	40559656	40576907	8p.7	p	2
chr8	52236508	52248482	8q.1	q	2
chr8	52248482	52260456	8q.1	q	2
chr8	52276956	52281959	8q.1	q	2
chr8	52281963	52291758	8q.1	q	2
chr8	52291792	52301024	8q.1	q	2
chr8	52301692	52309268	8q.1	q	2
chr8	52309452	52318494	8q.1	q	2
chr8	52318964	52328979	8q.1	q	2
chr8	63939518	63946609	8q.2	q	1
chr8	63946612	63953778	8q.2	q	1
chr8	63953964	63966096	8q.2	q	1
chr8	63966123	63977347	8q.2	q	1
chr8	63977347	63988572	8q.2	q	1
chr8	63992074	63997149	8q.2	q	1
chr8	64001492	64011791	8q.2	q	1
chr8	64013636	64024992	8q.2	q	1
chr8	64025064	64034143	8q.2	q	1
chr8	76768976	76787525	8q.3	q	2
chr8	76787692	76795540	8q.3	q	2
chr8	76795579	76811808	8q.3	q	2
chr8	76816775	76834137	8q.3	q	2
chr8	76834137	76851499	8q.3	q	2
chr8	76851499	76868861	8q.3	q	2
chr8	90813056	90823230	8q.4	q	2
chr8	90823230	90833405	8q.4	q	2
chr8	90833968	90840973	8q.4	q	2
chr8	90849725	90866715	8q.4	q	2
chr8	90866953	90875181	8q.4	q	2
chr8	90875929	90881625	8q.4	q	2
chr8	90881673	90890313	8q.4	q	2
chr8	90890328	90896077	8q.4	q	2
chr8	90896907	90902135	8q.4	q	2
chr8	115615661	115621809	8q.5	q	2
chr8	115621850	115636705	8q.5	q	2
chr8	115636743	115641763	8q.5	q	2
chr8	115643534	115655653	8q.5	q	2
chr8	115655653	115667773	8q.5	q	2
chr8	115669473	115680710	8q.5	q	2
chr8	115680899	115690709	8q.5	q	2
chr8	115690965	115709930	8q.5	q	2
chr8	116647280	116663668	8q.6	q	1
chr8	116663725	116673840	8q.6	q	1
chr8	116681588	116692296	8q.6	q	1
chr8	116692296	116703005	8q.6	q	1
chr8	116703822	116711247	8q.6	q	1
chr8	116711247	116717243	8q.6	q	1
chr8	116721940	116727244	8q.6	q	1
chr8	116729023	116734586	8q.6	q	1
chr8	116739710	116747103	8q.6	q	1
chr9	3877145	3887840	9p.1	p	2
chr9	3887840	3896379	9p.1	p	2
chr9	3905171	3919431	9p.1	p	2
chr9	3920206	3926371	9p.1	p	2
chr9	3926813	3933211	9p.1	p	2
chr9	3935415	3941352	9p.1	p	2
chr9	3941377	3953618	9p.1	p	2
chr9	3953946	3959877	9p.1	p	2
chr9	3959939	3965231	9p.1	p	2
chr9	4096882	4114353	9p.2	p	1
chr9	4118111	4129469	9p.2	p	1
chr9	4129469	4140827	9p.2	p	1
chr9	4143477	4153291	9p.2	p	1
chr9	4153307	4159477	9p.2	p	1
chr9	4168513	4176766	9p.2	p	1
chr9	4179797	4185980	9p.2	p	1
chr9	14465248	14472629	9p.3	p	2
chr9	14472754	14485745	9p.3	p	2
chr9	14485795	14492087	9p.3	p	2
chr9	14492257	14498600	9p.3	p	2
chr9	16109634	16115948	9p.4	p	2
chr9	16118888	16135256	9p.4	p	2
chr9	16135458	16149033	9p.4	p	2
chr9	16149034	16167630	9p.4	p	2
chr9	16167753	16179305	9p.4	p	2
chr9	16179314	16185372	9p.4	p	2
chr9	19636322	19641516	9p.5	p	2
chr9	19642884	19657441	9p.5	p	2
chr9	19658407	19667931	9p.5	p	2
chr9	19678271	19686038	9p.5	p	2
chr9	19686109	19693181	9p.5	p	2
chr9	19696385	19705650	9p.5	p	2
chr9	19709833	19717973	9p.5	p	2
chr9	19718051	19734099	9p.5	p	2
chr9	23603763	23615051	9p.6	p	1
chr9	23615051	23626340	9p.6	p	1
chr9	23627363	23638678	9p.6	p	1
chr9	23638678	23649994	9p.6	p	1
chr9	23657330	23670881	9p.6	p	1
chr9	23670881	23684433	9p.6	p	1
chr9	23684444	23696619	9p.6	p	1
chr9	23738911	23754333	9p.7	p	2
chr9	23754333	23769756	9p.7	p	2
chr9	23775451	23781830	9p.7	p	2
chr9	23787433	23795264	9p.7	p	2
chr9	23824350	23838412	9p.7	p	2
chr9	74371743	74389026	9q.1	q	2
chr9	74389026	74406309	9q.1	q	2
chr9	74406328	74424260	9q.1	q	2
chr9	79598165	79606397	9q.2	q	1
chr9	79607943	79625001	9q.2	q	1
chr9	79625231	79639992	9q.2	q	1
chr9	79644259	79652181	9q.2	q	1
chr9	79655034	79665130	9q.2	q	1
chr9	79665130	79675227	9q.2	q	1
chr9	79681336	79688907	9q.2	q	1
chr9	87191393	87200991	9q.3	q	2
chr9	87202520	87207803	9q.3	q	2
chr9	87213278	87224680	9q.3	q	2
chr9	87224680	87236083	9q.3	q	2
chr9	87240582	87246247	9q.3	q	2
chr9	87246357	87252763	9q.3	q	2
chr9	87252838	87257951	9q.3	q	2
chr9	87264979	87276174	9q.3	q	2
chr9	87276789	87284735	9q.3	q	2
chr9	97362717	97370943	9q.4	q	2
chr9	97371172	97379297	9q.4	q	2
chr9	97384224	97398558	9q.4	q	2
chr9	97401166	97410939	9q.4	q	2
chr9	97411279	97417843	9q.4	q	2
chr9	97422203	97432593	9q.4	q	2
chr9	97432593	97442983	9q.4	q	2
chr9	97443000	97453618	9q.4	q	2
chr9	108072573	108086193	9q.5	q	2
chr9	108086193	108099813	9q.5	q	2
chr9	108099862	108107315	9q.5	q	2
chr9	108111096	108116888	9q.5	q	2
chr9	108116967	108126371	9q.5	q	2
chr9	108128323	108146479	9q.5	q	2
chr9	108150874	108156334	9q.5	q	2
chr9	125481988	125488379	9q.6	q	1
chr9	125490865	125500205	9q.6	q	1
chr9	125505338	125512578	9q.6	q	1
chr9	125512782	125525500	9q.6	q	1
chr9	125528774	125543274	9q.6	q	1
chr9	125544154	125554371	9q.6	q	1
chr9	125554981	125563841	9q.6	q	1
chr9	131967985	131973739	9q.7	q	2
chr9	131973753	131990552	9q.7	q	2
chr9	131993794	132009898	9q.7	q	2
chr9	132014371	132025306	9q.7	q	2
chr9	132025348	132038078	9q.7	q	2
chr9	132047942	132052964	9q.7	q	2
chr9	132060781	132067725	9q.7	q	2
chr10	4310918	4321646	10p.1	p	2
chr10	4336912	4346820	10p.1	p	2
chr10	4346866	4361841	10p.1	p	2
chr10	4362046	4377914	10p.1	p	2
chr10	9194471	9204992	10p.2	p	1
chr10	9207582	9216967	10p.2	p	1
chr10	9217203	9233744	10p.2	p	1
chr10	11197099	11214487	10p.3	p	2
chr10	11214487	11231875	10p.3	p	2
chr10	11234604	11241273	10p.3	p	2
chr10	11251009	11258854	10p.3	p	2
chr10	11258889	11269485	10p.3	p	2
chr10	20778754	20790110	10p.4	p	2
chr10	20790110	20799181	10p.4	p	2
chr10	20805666	20812325	10p.4	p	2
chr10	20812408	20820694	10p.4	p	2
chr10	20851669	20861197	10p.4	p	2
chr10	20861268	20870049	10p.4	p	2
chr10	22147761	22154043	10p.5	p	2
chr10	22155494	22161126	10p.5	p	2
chr10	22162091	22169424	10p.5	p	2
chr10	22178432	22188327	10p.5	p	2
chr10	22189031	22196631	10p.5	p	2
chr10	22202521	22213747	10p.5	p	2
chr10	22213747	22224974	10p.5	p	2
chr10	22226349	22236097	10p.5	p	2
chr10	22237543	22246444	10p.5	p	2
chr10	25786748	25793521	10p.6	p	1
chr10	25793625	25800481	10p.6	p	1
chr10	25809995	25821606	10p.6	p	1
chr10	25826815	25839089	10p.6	p	1
chr10	25841920	25847468	10p.6	p	1
chr10	35491799	35497457	10p.7	p	2
chr10	35499395	35505030	10p.7	p	2
chr10	35512021	35518377	10p.7	p	2
chr10	35519385	35528616	10p.7	p	2
chr10	35529764	35535350	10p.7	p	2
chr10	35542032	35548426	10p.7	p	2
chr10	35550534	35557472	10p.7	p	2
chr10	35557632	35566505	10p.7	p	2
chr10	39050698	39065698	10p.8	p	2
chr10	39065698	39080699	10p.8	p	2
chr10	39084181	39090595	10p.8	p	2
chr10	39090602	39109260	10p.8	p	2
chr10	39109267	39120420	10p.8	p	2
chr10	39120420	39131573	10p.8	p	2
chr10	39134196	39145249	10p.8	p	2
chr10	61277794	61285155	10q.1	q	2
chr10	61285155	61290432	10q.1	q	2
chr10	61290577	61304873	10q.1	q	2
chr10	61304873	61319169	10q.1	q	2
chr10	61319169	61333466	10q.1	q	2
chr10	61335244	61351362	10q.1	q	2
chr10	61351376	61359783	10q.1	q	2
chr10	61359792	61372962	10q.1	q	2
chr10	70990195	71000416	10q.2	q	1
chr10	71003492	71017081	10q.2	q	1
chr10	71023934	71034696	10q.2	q	1
chr10	71037773	71048196	10q.2	q	1
chr10	71048339	71054698	10q.2	q	1
chr10	71057481	71065959	10q.2	q	1
chr10	71068526	71081369	10q.2	q	1
chr10	78142651	78153677	10q.3	q	2
chr10	78153706	78159384	10q.3	q	2
chr10	78162151	78175173	10q.3	q	2
chr10	78175173	78188195	10q.3	q	2
chr10	78188335	78198473	10q.3	q	2
chr10	78198473	78208611	10q.3	q	2
chr10	78208611	78219572	10q.3	q	2
chr10	78219986	78238204	10q.3	q	2
chr10	94003959	94012166	10q.4	q	2
chr10	94012225	94020973	10q.4	q	2
chr10	94020974	94027554	10q.4	q	2
chr10	94027767	94039535	10q.4	q	2
chr10	94039583	94045813	10q.4	q	2
chr10	94045868	94054725	10q.4	q	2
chr10	94059473	94069316	10q.4	q	2
chr10	94072457	94079453	10q.4	q	2
chr10	94079512	94092492	10q.4	q	2
chr10	104017600	104035595	10q.5	q	2
chr10	104036324	104050642	10q.5	q	2
chr10	104058829	104065878	10q.5	q	2
chr10	104069145	104079638	10q.5	q	2
chr10	104079844	104097675	10q.5	q	2
chr10	104097733	104108284	10q.5	q	2
chr10	118087399	118100285	10q.6	q	1
chr10	118100312	118111246	10q.6	q	1
chr10	118113187	118124953	10q.6	q	1
chr10	118125010	118131712	10q.6	q	1
chr10	118143058	118152754	10q.6	q	1
chr10	118152790	118169610	10q.6	q	1
chr10	118169613	118178829	10q.6	q	1
chr10	118178898	118186198	10q.6	q	1
chr11	7248943	7254825	11p.1	p	2
chr11	7255935	7271590	11p.1	p	2
chr11	7276938	7283637	11p.1	p	2
chr11	7287089	7298820	11p.1	p	2
chr11	7298820	7310551	11p.1	p	2
chr11	7311131	7322531	11p.1	p	2
chr11	13306827	13323774	11p.2	p	1
chr11	13327028	13333036	11p.2	p	1
chr11	13333163	13351891	11p.2	p	1
chr11	13351891	13370620	11p.2	p	1
chr11	13371931	13383746	11p.2	p	1
chr11	19363308	19371929	11p.3	p	2
chr11	19371938	19385749	11p.3	p	2
chr11	19386769	19401890	11p.3	p	2
chr11	19404575	19411406	11p.3	p	2
chr11	19419500	19424588	11p.3	p	2
chr11	19424602	19430237	11p.3	p	2
chr11	19449896	19460524	11p.3	p	2
chr11	19762778	19770381	11p.4	p	2
chr11	19770381	19776753	11p.4	p	2
chr11	19786254	19792929	11p.4	p	2
chr11	19793051	19812081	11p.4	p	2
chr11	19813512	19820977	11p.4	p	2
chr11	19830110	19836261	11p.4	p	2
chr11	19836489	19849766	11p.4	p	2
chr11	19851943	19857876	11p.4	p	2
chr11	26659849	26669621	11p.5	p	2
chr11	26674578	26680279	11p.5	p	2
chr11	26680402	26689123	11p.5	p	2
chr11	26689139	26697889	11p.5	p	2
chr11	26697973	26708606	11p.5	p	2
chr11	26718666	26724855	11p.5	p	2
chr11	28519339	28524802	11p.6	p	1
chr11	28525953	28538311	11p.6	p	1
chr11	28538343	28549254	11p.6	p	1
chr11	28549759	28562078	11p.6	p	1
chr11	28562097	28568224	11p.6	p	1
chr11	28569934	28579041	11p.6	p	1
chr11	28579271	28586443	11p.6	p	1
chr11	28589622	28595204	11p.6	p	1
chr11	44299523	44309117	11p.7	p	2
chr11	44315292	44333146	11p.7	p	2
chr11	44333188	44341564	11p.7	p	2
chr11	44343064	44350126	11p.7	p	2
chr11	44353438	44368699	11p.7	p	2
chr11	44371321	44378732	11p.7	p	2
chr11	70661731	70672096	11q.1	q	2
chr11	70672266	70678632	11q.1	q	2
chr11	70678701	70683823	11q.1	q	2
chr11	70683953	70690609	11q.1	q	2
chr11	70691674	70701572	11q.1	q	2
chr11	70702497	70711805	11q.1	q	2
chr11	70711920	70724135	11q.1	q	2
chr11	83942954	83949412	11q.2	q	1
chr11	83950402	83955710	11q.2	q	1
chr11	83955715	83969577	11q.2	q	1
chr11	83969773	83976785	11q.2	q	1
chr11	83978086	83985528	11q.2	q	1
chr11	83988508	83997624	11q.2	q	1
chr11	83997907	84003068	11q.2	q	1
chr11	84003193	84015374	11q.2	q	1
chr11	84016555	84021827	11q.2	q	1
chr11	84021932	84033941	11q.2	q	1
chr11	84034004	84039195	11q.2	q	1
chr11	92847634	92864679	11q.3	q	2
chr11	92864685	92874569	11q.3	q	2
chr11	92875326	92892434	11q.3	q	2
chr11	92892607	92899177	11q.3	q	2
chr11	114078842	114094023	11q.4	q	2
chr11	114095456	114105388	11q.4	q	2
chr11	114105391	114116275	11q.4	q	2
chr11	114119022	114138733	11q.4	q	2
chr11	114138892	114148332	11q.4	q	2
chr11	114148647	114162991	11q.4	q	2
chr11	114162991	114177336	11q.4	q	2
chr11	115173886	115187615	11q.5	q	2
chr11	115187629	115200599	11q.5	q	2
chr11	115200693	115211503	11q.5	q	2
chr11	115211690	115221714	11q.5	q	2
chr11	115221714	115231739	11q.5	q	2
chr11	115234671	115249933	11q.5	q	2
chr11	115250100	115260683	11q.5	q	2
chr11	115261973	115270736	11q.5	q	2
chr11	126626854	126632463	11q.6	q	1
chr11	126633069	126646561	11q.6	q	1
chr11	126651047	126663257	11q.6	q	1
chr11	126663363	126678341	11q.6	q	1
chr11	126678478	126686741	11q.6	q	1
chr11	126686746	126693281	11q.6	q	1
chr11	126696017	126711392	11q.6	q	1
chr11	126711441	126721257	11q.6	q	1
chr11	126721351	126726535	11q.6	q	1
chr12	7058393	7063751	12p.1	p	2
chr12	7063770	7073346	12p.1	p	2
chr12	7087142	7095155	12p.1	p	2
chr12	7105476	7119903	12p.1	p	2
chr12	13812736	13824576	12p.2	p	1
chr12	13827883	13834044	12p.2	p	1
chr12	13834206	13846589	12p.2	p	1
chr12	13846739	13854240	12p.2	p	1
chr12	13860341	13865437	12p.2	p	1
chr12	13865511	13875270	12p.2	p	1
chr12	13877990	13883882	12p.2	p	1
chr12	13888565	13898629	12p.2	p	1
chr12	13900208	13908635	12p.2	p	1
chr12	14827597	14835638	12p.3	p	2
chr12	14836993	14843254	12p.3	p	2
chr12	14843775	14855876	12p.3	p	2
chr12	14868192	14882413	12p.3	p	2
chr12	14883606	14892269	12p.3	p	2
chr12	14894908	14905903	12p.3	p	2
chr12	14906047	14921379	12p.3	p	2
chr12	18715472	18734382	12p.4	p	2
chr12	18734420	18739827	12p.4	p	2
chr12	18746142	18754730	12p.4	p	2
chr12	20289029	20301953	12p.5	p	2
chr12	20302331	20310230	12p.5	p	2
chr12	20310445	20316285	12p.5	p	2
chr12	20345272	20352501	12p.5	p	2
chr12	20353967	20363005	12p.5	p	2
chr12	20363049	20378707	12p.5	p	2
chr12	22623853	22630770	12p.6	p	1
chr12	22631371	22638402	12p.6	p	1
chr12	22639540	22651853	12p.6	p	1
chr12	22655540	22662270	12p.6	p	1
chr12	22662289	22671544	12p.6	p	1
chr12	22677787	22690273	12p.6	p	1
chr12	24178354	24194035	12p.7	p	2
chr12	24194035	24209716	12p.7	p	2
chr12	24209955	24216193	12p.7	p	2
chr12	24224767	24234420	12p.7	p	2
chr12	26656267	26669553	12p.8	p	2
chr12	26680531	26689154	12p.8	p	2
chr12	26689181	26702459	12p.8	p	2
chr12	26702618	26707725	12p.8	p	2
chr12	26707732	26719604	12p.8	p	2
chr12	26719684	26724857	12p.8	p	2
chr12	26737445	26742543	12p.8	p	2
chr12	29328772	29337896	12p.9	p	2
chr12	29340396	29352385	12p.9	p	2
chr12	29362331	29372161	12p.9	p	2
chr12	29372168	29382241	12p.9	p	2
chr12	43051829	43067985	12q.1	q	2
chr12	43067985	43084142	12q.1	q	2
chr12	43085769	43092075	12q.1	q	2
chr12	43094180	43109321	12q.1	q	2
chr12	43113975	43119543	12q.1	q	2
chr12	43123209	43140176	12q.1	q	2
chr12	43140325	43148010	12q.1	q	2
chr12	53708313	53717777	12q.2	q	1
chr12	53719295	53730140	12q.2	q	1
chr12	53732647	53741512	12q.2	q	1
chr12	53741954	53753775	12q.2	q	1
chr12	53753920	53760441	12q.2	q	1
chr12	53768188	53773715	12q.2	q	1
chr12	53774778	53784370	12q.2	q	1
chr12	53791137	53800088	12q.2	q	1
chr12	70960261	70974687	12q.3	q	2
chr12	70974690	70985181	12q.3	q	2
chr12	70985403	70991148	12q.3	q	2
chr12	70991349	70999240	12q.3	q	2
chr12	70999251	71006536	12q.3	q	2
chr12	71006742	71012530	12q.3	q	2
chr12	71012702	71018212	12q.3	q	2
chr12	71023572	71034581	12q.3	q	2
chr12	71039513	71046577	12q.3	q	2
chr12	80837177	80844972	12q.4	q	2
chr12	80845158	80859931	12q.4	q	2
chr12	80859931	80874705	12q.4	q	2
chr12	80882493	80899792	12q.4	q	2
chr12	80905215	80920377	12q.4	q	2
chr12	102903154	102910498	12q.5	q	2
chr12	102910555	102916895	12q.5	q	2
chr12	102916911	102926802	12q.5	q	2
chr12	102936125	102941782	12q.5	q	2
chr12	102943308	102957121	12q.5	q	2
chr12	102962483	102974766	12q.5	q	2
chr12	102974852	102987702	12q.5	q	2
chr12	102987771	102997499	12q.5	q	2
chr12	118905341	118915683	12q.6	q	1
chr12	118916015	118934474	12q.6	q	1
chr12	118938127	118943666	12q.6	q	1
chr12	118943781	118949530	12q.6	q	1
chr12	118953763	118966072	12q.6	q	1
chr12	118973534	118978785	12q.6	q	1
chr12	118979092	118990958	12q.6	q	1
chr12	118990995	118997948	12q.6	q	1
chr13	26636513	26645511	13q.1	q	2
chr13	26649863	26666614	13q.1	q	2
chr13	26670168	26681188	13q.1	q	2
chr13	26681188	26692209	13q.1	q	2
chr13	33095034	33106106	13q.2	q	1
chr13	33106106	33117179	13q.2	q	1
chr13	33132344	33140788	13q.2	q	1
chr13	33146213	33161970	13q.2	q	1
chr13	33163723	33177168	13q.2	q	1
chr13	33178540	33189378	13q.2	q	1
chr13	36142679	36149653	13q.3	q	2
chr13	36150291	36161221	13q.3	q	2
chr13	36161397	36172932	13q.3	q	2
chr13	36172932	36184467	13q.3	q	2
chr13	36185361	36200767	13q.3	q	2
chr13	36204140	36215123	13q.3	q	2
chr13	40571271	40582450	13q.4	q	2
chr13	40582452	40594442	13q.4	q	2
chr13	40594442	40606432	13q.4	q	2
chr13	40606481	40615282	13q.4	q	2
chr13	44388342	44394130	13q.5	q	2
chr13	44395525	44401116	13q.5	q	2
chr13	44401444	44411464	13q.5	q	2
chr13	44414546	44421430	13q.5	q	2
chr13	44421431	44432038	13q.5	q	2
chr13	44432038	44442646	13q.5	q	2
chr13	44444157	44456253	13q.5	q	2
chr13	44459423	44465731	13q.5	q	2
chr13	53184758	53194767	13q.6	q	1
chr13	53202465	53212649	13q.6	q	1
chr13	53212694	53224339	13q.6	q	1
chr13	53226405	53234173	13q.6	q	1
chr13	53234219	53242932	13q.6	q	1
chr13	53247769	53258089	13q.6	q	1
chr13	53258118	53267062	13q.6	q	1
chr13	53268088	53274833	13q.6	q	1
chr13	57749539	57765208	13q.7	q	2
chr13	57766668	57772683	13q.7	q	2
chr13	57772899	57782627	13q.7	q	2
chr13	57817104	57831620	13q.7	q	2
chr13	57831632	57844489	13q.7	q	2
chr13	71942598	71948319	13q.8	q	2
chr13	71953494	71964012	13q.8	q	2
chr13	71967928	71975261	13q.8	q	2
chr13	71975294	71981444	13q.8	q	2
chr13	71983161	71988981	13q.8	q	2
chr13	71992446	71997529	13q.8	q	2
chr13	72011785	72021486	13q.8	q	2
chr13	72023512	72037740	13q.8	q	2
chr13	73798361	73805521	13q.9	q	2
chr13	73811121	73817208	13q.9	q	2
chr13	73817213	73823719	13q.9	q	2
chr13	73826161	73839417	13q.9	q	2
chr13	73839417	73852674	13q.9	q	2
chr13	77738571	77752885	13q.10	q	1
chr13	77758639	77778213	13q.10	q	1
chr13	77780763	77792290	13q.10	q	1
chr13	77792397	77805662	13q.10	q	1
chr13	77805671	77813109	13q.10	q	1
chr13	77814917	77824226	13q.10	q	1
chr13	77824267	77829513	13q.10	q	1
chr13	77829627	77837497	13q.10	q	1
chr13	82335111	82343638	13q.11	q	2
chr13	82343648	82348719	13q.11	q	2
chr13	82348906	82361316	13q.11	q	2
chr13	82361316	82373726	13q.11	q	2
chr13	82373733	82380069	13q.11	q	2
chr13	82388698	82394203	13q.11	q	2
chr13	82397072	82403034	13q.11	q	2
chr13	82405137	82411100	13q.11	q	2
chr13	82411316	82420550	13q.11	q	2
chr13	99350115	99361558	13q.12	q	2
chr13	99361558	99373002	13q.12	q	2
chr13	99373025	99378264	13q.12	q	2
chr13	102291822	102306997	13q.13	q	2
chr13	102306997	102322172	13q.13	q	2
chr13	102322172	102337347	13q.13	q	2
chr13	102337347	102352522	13q.13	q	2
chr13	102352744	102358925	13q.13	q	2
chr13	102359009	102376303	13q.13	q	2
chr13	102377703	102386309	13q.13	q	2
chr13	106077553	106085520	13q.14	q	1
chr13	106085530	106090833	13q.14	q	1
chr13	106095001	106102352	13q.14	q	1
chr13	106102386	106113059	13q.14	q	1
chr13	106116494	106127321	13q.14	q	1
chr13	111350196	111358563	13q.15	q	2
chr13	111359014	111364817	13q.15	q	2
chr13	111369860	111381665	13q.15	q	2
chr13	111381803	111392045	13q.15	q	2
chr13	111395521	111401922	13q.15	q	2
chr13	111404307	111422507	13q.15	q	2
chr14	24838504	24845022	14q.1	q	2
chr14	24845217	24851229	14q.1	q	2
chr14	24851413	24860591	14q.1	q	2
chr14	24860942	24871516	14q.1	q	2
chr14	24871516	24882090	14q.1	q	2
chr14	24889496	24895163	14q.1	q	2
chr14	24899664	24909695	14q.1	q	2
chr14	24909695	24919727	14q.1	q	2
chr14	32564651	32580546	14q.2	q	1
chr14	32584032	32594442	14q.2	q	1
chr14	32594442	32604853	14q.2	q	1
chr14	32608376	32614882	14q.2	q	1
chr14	32615841	32629332	14q.2	q	1
chr14	32629409	32637625	14q.2	q	1
chr14	32643506	32660571	14q.2	q	1
chr14	36952824	36960070	14q.3	q	2
chr14	36961315	36971208	14q.3	q	2
chr14	36971241	36980121	14q.3	q	2
chr14	36985212	36995947	14q.3	q	2
chr14	36995947	37006682	14q.3	q	2
chr14	37016443	37029636	14q.3	q	2
chr14	41911602	41919670	14q.4	q	2
chr14	41919783	41928335	14q.4	q	2
chr14	41928514	41945541	14q.4	q	2
chr14	41945541	41962568	14q.4	q	2
chr14	41968369	41976349	14q.4	q	2
chr14	41977059	41988690	14q.4	q	2
chr14	41988725	41998394	14q.4	q	2
chr14	51003201	51015178	14q.5	q	2
chr14	51015178	51027156	14q.5	q	2
chr14	51027342	51033112	14q.5	q	2
chr14	51033289	51039754	14q.5	q	2
chr14	51039985	51048694	14q.5	q	2
chr14	51061306	51071177	14q.5	q	2
chr14	51071216	51077395	14q.5	q	2
chr14	51078582	51097836	14q.5	q	2
chr14	53900180	53909091	14q.6	q	1
chr14	53911356	53924233	14q.6	q	1
chr14	53924233	53937110	14q.6	q	1
chr14	53937316	53949256	14q.6	q	1
chr14	53949256	53961197	14q.6	q	1
chr14	53961405	53967252	14q.6	q	1
chr14	53970484	53975985	14q.6	q	1
chr14	53976803	53984967	14q.6	q	1
chr14	53992221	53999755	14q.6	q	1
chr14	56534135	56546054	14q.7	q	2
chr14	56546138	56559481	14q.7	q	2
chr14	56573134	56583403	14q.7	q	2
chr14	56583403	56593673	14q.7	q	2
chr14	56596627	56610267	14q.7	q	2
chr14	56614090	56622054	14q.7	q	2
chr14	56622227	56628994	14q.7	q	2
chr14	61606482	61618184	14q.8	q	2
chr14	61618233	61628862	14q.8	q	2
chr14	61628862	61639491	14q.8	q	2
chr14	61639696	61649879	14q.8	q	2
chr14	61649896	61655016	14q.8	q	2
chr14	61661186	61666639	14q.8	q	2
chr14	71648105	71657074	14q.9	q	2
chr14	71657243	71667795	14q.9	q	2
chr14	71667981	71674487	14q.9	q	2
chr14	71681367	71686578	14q.9	q	2
chr14	71686589	71700721	14q.9	q	2
chr14	71700935	71710523	14q.9	q	2
chr14	71710726	71716940	14q.9	q	2
chr14	71722848	71729074	14q.9	q	2
chr14	71733102	71738187	14q.9	q	2
chr14	76174835	76179901	14q.10	q	1
chr14	76182281	76188243	14q.10	q	1
chr14	76189805	76203693	14q.10	q	1
chr14	76205608	76215129	14q.10	q	1
chr14	76218709	76227330	14q.10	q	1
chr14	76245252	76254459	14q.10	q	1
chr14	76254622	76260455	14q.10	q	1
chr14	76260643	76266601	14q.10	q	1
chr14	76266885	76273633	14q.10	q	1
chr14	88131702	88142423	14q.11	q	2
chr14	88146444	88160270	14q.11	q	2
chr14	88160270	88174097	14q.11	q	2
chr14	88178786	88195040	14q.11	q	2
chr14	90607667	90618924	14q.12	q	2
chr14	90622156	90630828	14q.12	q	2
chr14	90636036	90643217	14q.12	q	2
chr14	90643220	90653793	14q.12	q	2
chr14	90653793	90664366	14q.12	q	2
chr14	90675274	90688241	14q.12	q	2
chr14	90688509	90694557	14q.12	q	2
chr14	90695273	90700685	14q.12	q	2
chr14	90700780	90706164	14q.12	q	2
chr14	98069559	98078779	14q.13	q	2
chr14	98078973	98089163	14q.13	q	2
chr14	98090829	98096250	14q.13	q	2
chr14	98096704	98106797	14q.13	q	2
chr14	98106845	98120220	14q.13	q	2
chr14	98125019	98144651	14q.13	q	2
chr14	98144677	98149994	14q.13	q	2
chr14	98150035	98158128	14q.13	q	2
chr15	25094162	25099941	15q.1	q	2
chr15	25103290	25114601	15q.1	q	2
chr15	25119344	25132671	15q.1	q	2
chr15	25134201	25148075	15q.1	q	2
chr15	25148117	25153197	15q.1	q	2
chr15	35548303	35553706	15q.2	q	1
chr15	35553711	35564578	15q.2	q	1
chr15	35564717	35573588	15q.2	q	1
chr15	35578043	35588128	15q.2	q	1
chr15	35592068	35599814	15q.2	q	1
chr15	35602238	35619814	15q.2	q	1
chr15	35619902	35638894	15q.2	q	1
chr15	36788235	36794059	15q.3	q	2
chr15	36797887	36816449	15q.3	q	2
chr15	36820725	36829152	15q.3	q	2
chr15	36830419	36839619	15q.3	q	2
chr15	36839798	36847006	15q.3	q	2
chr15	36847188	36861194	15q.3	q	2
chr15	36861320	36868298	15q.3	q	2
chr15	47400367	47411221	15q.4	q	2
chr15	47411271	47428169	15q.4	q	2
chr15	47428859	47446097	15q.4	q	2
chr15	47446097	47463335	15q.4	q	2
chr15	48457433	48463891	15q.5	q	2
chr15	48468981	48476629	15q.5	q	2
chr15	48476631	48484388	15q.5	q	2
chr15	48491539	48503011	15q.5	q	2
chr15	48512635	48529821	15q.5	q	2
chr15	48530382	48539935	15q.5	q	2
chr15	52895311	52902267	15q.6	q	1
chr15	52908482	52913501	15q.6	q	1
chr15	52913647	52922015	15q.6	q	1
chr15	52927325	52936787	15q.6	q	1
chr15	52940026	52955902	15q.6	q	1
chr15	56962067	56968104	15q.7	q	2
chr15	56970403	56976400	15q.7	q	2
chr15	56976412	56987270	15q.7	q	2
chr15	56987304	56995997	15q.7	q	2
chr15	57023193	57033744	15q.7	q	2
chr15	57033744	57044295	15q.7	q	2
chr15	61775909	61781547	15q.8	q	2
chr15	61783852	61795814	15q.8	q	2
chr15	61795918	61813612	15q.8	q	2
chr15	61818504	61824735	15q.8	q	2
chr15	61825000	61837610	15q.8	q	2
chr15	68554748	68562795	15q.9	q	2
chr15	68567775	68575379	15q.9	q	2
chr15	68580576	68590613	15q.9	q	2
chr15	68590613	68600650	15q.9	q	2
chr15	68604992	68611805	15q.9	q	2
chr15	68611840	68617562	15q.9	q	2
chr15	68625801	68639374	15q.9	q	2
chr15	79263895	79271773	15q.10	q	1
chr15	79277949	79288821	15q.10	q	1
chr15	79289020	79299353	15q.10	q	1
chr15	79299353	79309686	15q.10	q	1
chr15	79325562	79336373	15q.10	q	1
chr15	79339377	79345154	15q.10	q	1
chr15	80421106	80433224	15q.11	q	2
chr15	80433374	80438777	15q.11	q	2
chr15	80438779	80443856	15q.11	q	2
chr15	80448903	80463671	15q.11	q	2
chr15	80463676	80469702	15q.11	q	2
chr15	80475477	80491185	15q.11	q	2
chr15	87957246	87965818	15q.12	q	2
chr15	87965884	87974279	15q.12	q	2
chr15	87974726	87980166	15q.12	q	2
chr15	87982720	87989017	15q.12	q	2
chr15	87989560	87995984	15q.12	q	2
chr15	87996144	88001261	15q.12	q	2
chr15	88002710	88012987	15q.12	q	2
chr15	88013154	88026061	15q.12	q	2
chr15	88027587	88033461	15q.12	q	2
chr15	88033496	88039635	15q.12	q	2
chr15	88044451	88056883	15q.12	q	2
chr15	88258505	88267321	15q.13	q	2
chr15	88268980	88279051	15q.13	q	2
chr15	88279051	88289123	15q.13	q	2
chr15	88289525	88297584	15q.13	q	2
chr15	88299011	88304019	15q.13	q	2
chr15	88304111	88309178	15q.13	q	2
chr15	88309242	88314524	15q.13	q	2
chr15	88316256	88321911	15q.13	q	2
chr15	88321938	88333517	15q.13	q	2
chr15	88338468	88344960	15q.13	q	2
chr15	88345034	88350512	15q.13	q	2
chr15	91812744	91824419	15q.14	q	1
chr15	91824888	91839735	15q.14	q	1
chr15	91839792	91848351	15q.14	q	1
chr15	91862201	91869292	15q.14	q	1
chr15	91872325	91880084	15q.14	q	1
chr15	91882702	91888695	15q.14	q	1
chr15	91889482	91896486	15q.14	q	1
chr15	97858833	97871651	15q.15	q	2
chr15	97882288	97891310	15q.15	q	2
chr15	97891389	97906951	15q.15	q	2
chr15	97912439	97925230	15q.15	q	2
chr15	97925644	97932901	15q.15	q	2
chr15	97934824	97945788	15q.15	q	2
chr16	7550926	7563502	16p.1	p	2
chr16	7575147	7584315	16p.1	p	2
chr16	7598443	7606252	16p.1	p	2
chr16	7615262	7628619	16p.1	p	2
chr16	7628741	7635879	16p.1	p	2
chr16	7638993	7648309	16p.1	p	2
chr16	9326393	9334532	16p.2	p	1
chr16	9334605	9341688	16p.2	p	1
chr16	9341720	9347059	16p.2	p	1
chr16	9351899	9358665	16p.2	p	1
chr16	9370933	9380069	16p.2	p	1
chr16	9380070	9386056	16p.2	p	1
chr16	9386058	9393616	16p.2	p	1
chr16	9395026	9401285	16p.2	p	1
chr16	9404555	9411141	16p.2	p	1
chr16	9411351	9420203	16p.2	p	1
chr16	9814941	9821366	16p.3	p	2
chr16	9824969	9831694	16p.3	p	2
chr16	9834582	9846307	16p.3	p	2
chr16	9849110	9856350	16p.3	p	2
chr16	9860374	9868099	16p.3	p	2
chr16	9876359	9884433	16p.3	p	2
chr16	9903162	9910536	16p.3	p	2
chr16	14456753	14464545	16p.4	p	2
chr16	14469140	14477178	16p.4	p	2
chr16	14480664	14487011	16p.4	p	2
chr16	14489338	14497931	16p.4	p	2
chr16	14498043	14504431	16p.4	p	2
chr16	14507213	14513035	16p.4	p	2
chr16	22780973	22788503	16p.5	p	2
chr16	22791179	22799882	16p.5	p	2
chr16	22800757	22813180	16p.5	p	2
chr16	22986344	22992344	16p.6	p	1
chr16	22995854	23000946	16p.6	p	1
chr16	23002011	23007602	16p.6	p	1
chr16	23007768	23013960	16p.6	p	1
chr16	23014062	23023513	16p.6	p	1
chr16	23023526	23032029	16p.6	p	1
chr16	23051185	23057669	16p.6	p	1
chr16	23057795	23070430	16p.6	p	1
chr16	24739483	24748899	16p.7	p	2
chr16	24756887	24764312	16p.7	p	2
chr16	24771582	24781851	16p.7	p	2
chr16	24792885	24803136	16p.7	p	2
chr16	24816253	24830525	16p.7	p	2
chr16	26245168	26254466	16p.8	p	2
chr16	26254685	26266461	16p.8	p	2
chr16	26266594	26272085	16p.8	p	2
chr16	26272114	26277300	16p.8	p	2
chr16	26278668	26284315	16p.8	p	2
chr16	26284505	26291203	16p.8	p	2
chr16	26293440	26307777	16p.8	p	2
chr16	26312970	26319419	16p.8	p	2
chr16	26319430	26325385	16p.8	p	2
chr16	26326239	26332722	16p.8	p	2
chr16	27872786	27881303	16p.9	p	2
chr16	27900915	27909980	16p.9	p	2
chr16	27910026	27918559	16p.9	p	2
chr16	27918567	27923577	16p.9	p	2
chr16	27923578	27932140	16p.9	p	2
chr16	50565266	50579106	16q.1	q	2
chr16	50582898	50588757	16q.1	q	2
chr16	50590852	50606342	16q.1	q	2
chr16	50606342	50621833	16q.1	q	2
chr16	50621833	50637324	16q.1	q	2
chr16	50637336	50647262	16q.1	q	2
chr16	50874894	50888214	16q.2	q	1
chr16	50888214	50901535	16q.2	q	1
chr16	50902358	50914958	16q.2	q	1
chr16	50914958	50927558	16q.2	q	1
chr16	50934616	50942910	16q.2	q	1
chr16	50942993	50955874	16q.2	q	1
chr16	53891187	53909672	16q.3	q	2
chr16	53913804	53919635	16q.3	q	2
chr16	53919870	53928875	16q.3	q	2
chr16	53931367	53938887	16q.3	q	2
chr16	53938983	53956680	16q.3	q	2
chr16	53956845	53963778	16q.3	q	2
chr16	53966057	53976012	16q.3	q	2
chr16	56206215	56216865	16q.4	q	2
chr16	56229404	56243058	16q.4	q	2
chr16	56243161	56255087	16q.4	q	2
chr16	60361112	60370245	16q.5	q	2
chr16	60374530	60381849	16q.5	q	2
chr16	60390056	60398007	16q.5	q	2
chr16	60409112	60417069	16q.5	q	2
chr16	60423109	60429049	16q.5	q	2
chr16	60434923	60446034	16q.5	q	2
chr16	61812956	61828069	16q.6	q	1
chr16	61828073	61840766	16q.6	q	1
chr16	61844347	61850331	16q.6	q	1
chr16	61850334	61862060	16q.6	q	1
chr16	61862060	61873786	16q.6	q	1
chr16	61889552	61897292	16q.6	q	1
chr16	64695777	64715204	16q.7	q	2
chr16	64715279	64721824	16q.7	q	2
chr16	64727266	64736179	16q.7	q	2
chr16	64737483	64747708	16q.7	q	2
chr16	64750247	64755643	16q.7	q	2
chr16	64755767	64775111	16q.7	q	2
chr16	75083770	75089121	16q.8	q	2
chr16	75093271	75103707	16q.8	q	2
chr16	75103810	75117486	16q.8	q	2
chr17	144403	149669	17p.1	p	2
chr17	2168949	2176922	17p.2	p	1
chr17	5522014	5527148	17p.3	p	2
chr17	5529539	5534940	17p.3	p	2
chr17	8011165	8022595	17p.4	p	2
chr17	8367854	8373161	17p.5	p	2
chr17	8473305	8478771	17p.6	p	1
chr17	8481501	8489584	17p.6	p	1
chr17	8525987	8534126	17p.6	p	1
chr17	8555021	8560115	17p.6	p	1
chr17	8561813	8571179	17p.6	p	1
chr17	8577689	8584866	17p.7	p	2
chr17	8585031	8590872	17p.7	p	2
chr17	8609011	8618347	17p.7	p	2
chr17	8619697	8624768	17p.7	p	2
chr17	8835026	8840122	17p.8	p	2
chr17	11550118	11567627	17p.9	p	2
chr17	11581716	11588671	17p.9	p	2
chr17	11589904	11597199	17p.9	p	2
chr17	11607754	11613344	17p.9	p	2
chr17	11636196	11642419	17p.9	p	2
chr17	11735625	11743861	17p.10	p	1
chr17	11829495	11839219	17p.11	p	2
chr17	11867071	11872632	17p.11	p	2
chr17	11877357	11884403	17p.11	p	2
chr17	12021704	12035285	17p.12	p	2
chr17	12035370	12041735	17p.12	p	2
chr17	12043456	12048785	17p.12	p	2
chr17	12048793	12054881	17p.12	p	2
chr17	12054901	12065330	17p.12	p	2
chr17	12067011	12073851	17p.12	p	2
chr17	12184013	12190197	17p.13	p	2
chr17	12420090	12429993	17p.14	p	1
chr17	12991846	12999699	17p.15	p	2
chr17	15260216	15265677	17p.16	p	2
chr17	15265852	15274832	17p.16	p	2
chr17	15299526	15313504	17p.16	p	2
chr17	15322157	15327257	17p.16	p	2
chr17	15327403	15333772	17p.16	p	2
chr17	27938155	27948196	17q.1	q	2
chr17	27949816	27955654	17q.1	q	2
chr17	27980785	27987311	17q.1	q	2
chr17	27987475	27995787	17q.1	q	2
chr17	27998537	28006236	17q.1	q	2
chr17	28010070	28021152	17q.1	q	2
chr17	28029851	28035294	17q.1	q	2
chr17	33075173	33087178	17q.2	q	1
chr17	33087178	33099183	17q.2	q	1
chr17	33109128	33117306	17q.2	q	1
chr17	33117377	33124800	17q.2	q	1
chr17	33127172	33138000	17q.2	q	1
chr17	33138000	33148828	17q.2	q	1
chr17	33156651	33164489	17q.2	q	1
chr17	48171958	48186500	17q.3	q	2
chr17	48207365	48213080	17q.3	q	2
chr17	48215042	48220582	17q.3	q	2
chr17	48224247	48229490	17q.3	q	2
chr17	48238173	48245701	17q.3	q	2
chr17	48250351	48261828	17q.3	q	2
chr17	52059581	52066625	17q.4	q	2
chr17	52067920	52079068	17q.4	q	2
chr17	52081729	52093963	17q.4	q	2
chr17	52094054	52105375	17q.4	q	2
chr17	52105427	52115808	17q.4	q	2
chr17	52132011	52142532	17q.4	q	2
chr17	52146556	52158269	17q.4	q	2
chr17	55274978	55281235	17q.5	q	2
chr17	55281279	55288224	17q.5	q	2
chr17	55288268	55299829	17q.5	q	2
chr17	55299829	55311390	17q.5	q	2
chr17	55311391	55316972	17q.5	q	2
chr17	55331977	55341108	17q.5	q	2
chr17	55346187	55356038	17q.5	q	2
chr17	55356044	55364087	17q.5	q	2
chr17	56440708	56446655	17q.6	q	1
chr17	56446719	56456532	17q.6	q	1
chr17	56456572	56462342	17q.6	q	1
chr17	61620918	61625936	17q.7	q	2
chr17	61628998	61637265	17q.7	q	2
chr17	61641313	61647946	17q.7	q	2
chr17	61656092	61664190	17q.7	q	2
chr17	61684796	61690976	17q.7	q	2
chr17	61691653	61696708	17q.7	q	2
chr17	61697983	61707854	17q.7	q	2
chr17	70749418	70760538	17q.8	q	2
chr17	70760758	70770865	17q.8	q	2
chr17	70771058	70783326	17q.8	q	2
chr17	70783331	70792494	17q.8	q	2
chr17	70792510	70799677	17q.8	q	2
chr17	71417563	71422720	17q.9	q	2
chr17	71422933	71437533	17q.9	q	2
chr17	71437549	71442765	17q.9	q	2
chr17	71444487	71450697	17q.9	q	2
chr17	71451133	71459398	17q.9	q	2
chr17	71463124	71470822	17q.9	q	2
chr17	71470823	71476793	17q.9	q	2
chr17	71490321	71496163	17q.9	q	2
chr17	71496167	71506887	17q.9	q	2
chr17	73488168	73504347	17q.10	q	1
chr17	73510671	73525235	17q.10	q	1
chr17	73525235	73539800	17q.10	q	1
chr17	73540200	73548042	17q.10	q	1
chr17	79588983	79603013	17q.11	q	2
chr17	79625671	79634886	17q.11	q	2
chr17	79639382	79646580	17q.11	q	2
chr17	79649743	79656734	17q.11	q	2
chr18	8670111	8675406	18p.1	p	2
chr18	8957115	8963423	18p.2	p	1
chr18	8964501	8973014	18p.2	p	1
chr18	8975013	8982193	18p.2	p	1
chr18	8985409	8991984	18p.2	p	1
chr18	8992998	8999773	18p.2	p	1
chr18	9024187	9029585	18p.2	p	1
chr18	9093541	9100105	18p.3	p	2
chr18	9102869	9108731	18p.3	p	2
chr18	9129142	9134183	18p.3	p	2
chr18	9137502	9142696	18p.3	p	2
chr18	13253749	13261094	18p.4	p	2
chr18	13266451	13271990	18p.4	p	2
chr18	13318382	13323936	18p.4	p	2
chr18	13365953	13371608	18p.5	p	2
chr18	13371613	13385974	18p.5	p	2
chr18	13389271	13395300	18p.5	p	2
chr18	13397250	13404514	18p.5	p	2
chr18	13411674	13417419	18p.5	p	2
chr18	13417635	13423932	18p.5	p	2
chr18	13427087	13444753	18p.5	p	2
chr18	13446051	13459548	18p.5	p	2
chr18	13521592	13528382	18p.6	p	1
chr18	13528384	13542925	18p.6	p	1
chr18	13542925	13557466	18p.6	p	1
chr18	13557592	13566368	18p.6	p	1
chr18	13579070	13586174	18p.6	p	1
chr18	13586862	13597685	18p.6	p	1
chr18	24537518	24545369	18q.1	q	2
chr18	24545419	24555471	18q.1	q	2
chr18	24555480	24563261	18q.1	q	2
chr18	24571712	24577010	18q.1	q	2
chr18	24577215	24591394	18q.1	q	2
chr18	25111119	25120293	18q.2	q	1
chr18	25121146	25139161	18q.2	q	1
chr18	25139173	25150162	18q.2	q	1
chr18	25152233	25157854	18q.2	q	1
chr18	25157946	25168559	18q.2	q	1
chr18	25168559	25179173	18q.2	q	1
chr18	25179201	25189591	18q.2	q	1
chr18	25189591	25199982	18q.2	q	1
chr18	34581817	34589400	18q.3	q	2
chr18	34589465	34596886	18q.3	q	2
chr18	34599792	34609236	18q.3	q	2
chr18	34609449	34625219	18q.3	q	2
chr18	34625231	34636281	18q.3	q	2
chr18	34639007	34646790	18q.3	q	2
chr18	34646915	34653671	18q.3	q	2
chr18	34654845	34665413	18q.3	q	2
chr18	38817435	38827938	18q.4	q	2
chr18	38828225	38840388	18q.4	q	2
chr18	38842219	38855465	18q.4	q	2
chr18	38860086	38876275	18q.4	q	2
chr18	38876275	38892465	18q.4	q	2
chr18	38892487	38903604	18q.4	q	2
chr18	38903604	38914722	18q.4	q	2
chr18	45006087	45013549	18q.5	q	2
chr18	45013630	45022564	18q.5	q	2
chr18	45022736	45027991	18q.5	q	2
chr18	45031042	45036118	18q.5	q	2
chr18	45036254	45041818	18q.5	q	2
chr18	45048914	45054345	18q.5	q	2
chr18	45054387	45067271	18q.5	q	2
chr18	45067271	45080155	18q.5	q	2
chr18	45082205	45089622	18q.5	q	2
chr18	48282381	48288508	18q.6	q	1
chr18	48292110	48298001	18q.6	q	1
chr18	48298037	48304393	18q.6	q	1
chr18	48311563	48317068	18q.6	q	1
chr18	48317082	48322834	18q.6	q	1
chr18	48328106	48336754	18q.6	q	1
chr18	48338275	48344008	18q.6	q	1
chr18	48348702	48358220	18q.6	q	1
chr18	48358234	48373737	18q.6	q	1
chr18	52675145	52687354	18q.7	q	2
chr18	52687380	52698662	18q.7	q	2
chr18	52698788	52704092	18q.7	q	2
chr18	52719964	52729283	18q.7	q	2
chr18	52729460	52744751	18q.7	q	2
chr18	52744751	52760042	18q.7	q	2
chr18	55029041	55042745	18q.8	q	2
chr18	55044858	55063730	18q.8	q	2
chr18	55063730	55082603	18q.8	q	2
chr18	55082629	55091728	18q.8	q	2
chr18	55093626	55104941	18q.8	q	2
chr18	55105041	55116180	18q.8	q	2
chr18	55116180	55127319	18q.8	q	2
chr18	61386081	61403851	18q.9	q	2
chr18	61405145	61410916	18q.9	q	2
chr18	61411879	61418270	18q.9	q	2
chr18	61425590	61432035	18q.9	q	2
chr18	61432047	61438675	18q.9	q	2
chr18	61438695	61453446	18q.9	q	2
chr18	61455616	61469711	18q.9	q	2
chr19	5913611	5920656	19p.1	p	2
chr19	5926444	5938503	19p.1	p	2
chr19	5948369	5955145	19p.1	p	2
chr19	5961669	5976461	19p.1	p	2
chr19	6016595	6023777	19p.2	p	1
chr19	6038228	6045863	19p.2	p	1
chr19	6053878	6065362	19p.2	p	1
chr19	6096648	6104282	19p.2	p	1
chr19	6168867	6174094	19p.3	p	2
chr19	6180932	6187042	19p.3	p	2
chr19	6189897	6195520	19p.3	p	2
chr19	8453288	8459077	19p.4	p	2
chr19	8474763	8479880	19p.4	p	2
chr19	9367089	9372630	19p.5	p	2
chr19	9372738	9383881	19p.5	p	2
chr19	9430163	9438980	19p.5	p	2
chr19	10040131	10045784	19p.6	p	1
chr19	13149140	13154671	19p.7	p	2
chr19	14559543	14564703	19p.8	p	2
chr19	16356515	16375132	19p.9	p	2
chr19	16379171	16387474	19p.9	p	2
chr19	16515994	16522289	19p.10	p	1
chr19	16528867	16534546	19p.10	p	1
chr19	16656724	16662472	19p.11	p	2
chr19	16838819	16845440	19p.12	p	2
chr19	16845453	16852123	19p.12	p	2
chr19	16866957	16872513	19p.12	p	2
chr19	16875981	16881842	19p.12	p	2
chr19	16889792	16895157	19p.12	p	2
chr19	16920680	16925810	19p.12	p	2
chr19	16930128	16936427	19p.12	p	2
chr19	17152070	17157466	19p.13	p	2
chr19	17615501	17622912	19p.14	p	1
chr19	17645201	17650255	19p.14	p	1
chr19	19300504	19308942	19p.15	p	2
chr19	19422903	19431539	19p.16	p	2
chr19	19442386	19450174	19p.16	p	2
chr19	19457659	19467097	19p.16	p	2
chr19	19484780	19493006	19p.16	p	2
chr19	19495449	19509184	19p.16	p	2
chr19	31005932	31025231	19q.1	q	2
chr19	31025369	31031279	19q.1	q	2
chr19	31031891	31044804	19q.1	q	2
chr19	31045005	31053912	19q.1	q	2
chr19	31054093	31059202	19q.1	q	2
chr19	31063846	31082225	19q.1	q	2
chr19	31304641	31311888	19q.2	q	1
chr19	31311892	31321994	19q.2	q	1
chr19	31322026	31332256	19q.2	q	1
chr19	31332256	31342486	19q.2	q	1
chr19	31357464	31367992	19q.2	q	1
chr19	31369917	31375576	19q.2	q	1
chr19	31388075	31394325	19q.2	q	1
chr19	31572390	31580741	19q.3	q	2
chr19	31580915	31586453	19q.3	q	2
chr19	31586564	31598535	19q.3	q	2
chr19	31598556	31610363	19q.3	q	2
chr19	31621125	31632430	19q.3	q	2
chr19	31641196	31646206	19q.3	q	2
chr19	31646336	31652923	19q.3	q	2
chr19	31654700	31662954	19q.3	q	2
chr19	31683525	31695702	19q.4	q	2
chr19	31702116	31714122	19q.4	q	2
chr19	31714122	31726128	19q.4	q	2
chr19	31732420	31745202	19q.4	q	2
chr19	31745311	31762075	19q.4	q	2
chr19	31762832	31773702	19q.4	q	2
chr19	31819363	31835413	19q.5	q	2
chr19	31840024	31854047	19q.5	q	2
chr19	31855591	31860867	19q.5	q	2
chr19	31860881	31870752	19q.5	q	2
chr19	31880751	31887650	19q.5	q	2
chr19	31908504	31914178	19q.5	q	2
chr19	31946318	31952194	19q.6	q	1
chr19	31952207	31958413	19q.6	q	1
chr19	31958427	31970559	19q.6	q	1
chr19	31993592	32004708	19q.6	q	1
chr19	32011062	32019144	19q.6	q	1
chr19	32020259	32032074	19q.6	q	1
chr19	32344479	32355902	19q.7	q	2
chr19	32355909	32364491	19q.7	q	2
chr19	32365430	32371234	19q.7	q	2
chr19	32378200	32389242	19q.7	q	2
chr19	32403100	32408214	19q.7	q	2
chr19	32421429	32428067	19q.7	q	2
chr19	32434545	32441584	19q.7	q	2
chr19	32465196	32473934	19q.8	q	2
chr19	32474710	32486042	19q.8	q	2
chr19	35008097	35016622	19q.9	q	2
chr19	35020298	35025334	19q.9	q	2
chr19	35029068	35035324	19q.9	q	2
chr19	35036854	35045309	19q.9	q	2
chr19	44272613	44278796	19q.10	q	1
chr19	44283670	44297504	19q.10	q	1
chr19	44301618	44309089	19q.10	q	1
chr19	44324647	44330473	19q.10	q	1
chr19	44342738	44347982	19q.10	q	1
chr19	56366349	56371610	19q.11	q	2
chr19	56371701	56378223	19q.11	q	2
chr19	56380165	56386721	19q.11	q	2
chr19	56389369	56395687	19q.11	q	2
chr19	57557604	57562702	19q.12	q	2
chr19	57563381	57569743	19q.12	q	2
chr19	57569790	57580992	19q.12	q	2
chr19	57586488	57594475	19q.12	q	2
chr19	57603014	57608932	19q.12	q	2
chr19	57613030	57618090	19q.12	q	2
chr20	1924778	1930648	20p.1	p	2
chr20	1930770	1937315	20p.1	p	2
chr20	1938440	1948896	20p.1	p	2
chr20	6261415	6267674	20p.2	p	1
chr20	6270720	6283230	20p.2	p	1
chr20	6287982	6296735	20p.2	p	1
chr20	6296904	6306009	20p.2	p	1
chr20	9499237	9509716	20p.3	p	2
chr20	9509752	9523540	20p.3	p	2
chr20	9524544	9533344	20p.3	p	2
chr20	9540937	9548359	20p.3	p	2
chr20	9548383	9559512	20p.3	p	2
chr20	9559535	9564819	20p.3	p	2
chr20	9570001	9584406	20p.3	p	2
chr20	9584517	9589704	20p.3	p	2
chr20	10838562	10857964	20p.4	p	2
chr20	10860691	10871970	20p.4	p	2
chr20	10871972	10886812	20p.4	p	2
chr20	10891059	10899485	20p.4	p	2
chr20	10899587	10908207	20p.4	p	2
chr20	16692147	16701648	20p.5	p	2
chr20	16709861	16720627	20p.5	p	2
chr20	16720705	16726083	20p.5	p	2
chr20	16726186	16732176	20p.5	p	2
chr20	16732197	16737774	20p.5	p	2
chr20	16741119	16746641	20p.5	p	2
chr20	17682455	17693150	20p.6	p	1
chr20	17693150	17703846	20p.6	p	1
chr20	17707964	17713934	20p.6	p	1
chr20	17723889	17731111	20p.6	p	1
chr20	17749170	17763722	20p.6	p	1
chr20	17767481	17774957	20p.6	p	1
chr20	18661897	18675382	20p.7	p	2
chr20	18679855	18689915	20p.7	p	2
chr20	18697814	18704061	20p.7	p	2
chr20	18708558	18722563	20p.7	p	2
chr20	18722563	18736569	20p.7	p	2
chr20	18736569	18743689	20p.7	p	2
chr20	20387230	20399062	20p.8	p	2
chr20	20399091	20410239	20p.8	p	2
chr20	20410239	20421387	20p.8	p	2
chr20	20424720	20441794	20p.8	p	2
chr20	20441794	20458869	20p.8	p	2
chr20	20458869	20478508	20p.8	p	2
chr20	20478549	20485347	20p.8	p	2
chr20	37725596	37731234	20q.1	q	2
chr20	37731443	37736935	20q.1	q	2
chr20	37736985	37742840	20q.1	q	2
chr20	37742848	37754017	20q.1	q	2
chr20	50547562	50556779	20q.2	q	1
chr20	50559161	50564320	20q.2	q	1
chr20	50567187	50576682	20q.2	q	1
chr20	50576765	50588783	20q.2	q	1
chr20	52424618	52431363	20q.3	q	2
chr20	52431396	52437937	20q.3	q	2
chr20	52437941	52450831	20q.3	q	2
chr20	52459740	52467601	20q.3	q	2
chr20	52482555	52488599	20q.3	q	2
chr20	52497736	52504871	20q.3	q	2
chr20	52514595	52523108	20q.3	q	2
chr20	52809856	52820751	20q.4	q	2
chr20	52820751	52831647	20q.4	q	2
chr20	52836191	52848982	20q.4	q	2
chr20	52856956	52868338	20q.4	q	2
chr20	52868545	52876387	20q.4	q	2
chr20	52879027	52889105	20q.4	q	2
chr20	52891572	52896746	20q.4	q	2
chr20	55618770	55623909	20q.5	q	2
chr20	55639031	55644609	20q.5	q	2
chr20	55644611	55652336	20q.5	q	2
chr20	55654291	55662641	20q.5	q	2
chr20	55663689	55670175	20q.5	q	2
chr20	55670177	55687321	20q.5	q	2
chr20	55950533	55960821	20q.6	q	1
chr20	55968960	55983598	20q.6	q	1
chr20	55983757	55991470	20q.6	q	1
chr20	55995558	56008780	20q.6	q	1
chr20	57556551	57571396	20q.7	q	2
chr20	57571592	57579207	20q.7	q	2
chr20	57579369	57595722	20q.7	q	2
chr20	58793011	58798769	20q.8	q	2
chr20	58798842	58807108	20q.8	q	2
chr20	58808784	58814852	20q.8	q	2
chr20	58814990	58820604	20q.8	q	2
chr20	58820649	58826879	20q.8	q	2
chr20	58831440	58838628	20q.8	q	2
chr20	59364323	59383644	20q.9	q	2
chr20	59385345	59395925	20q.9	q	2
chr20	59396054	59408571	20q.9	q	2
chr20	59409488	59416483	20q.9	q	2
chr20	59416487	59430227	20q.9	q	2
chr20	59434028	59440235	20q.9	q	2
chr20	59449550	59454722	20q.9	q	2
chr20	59458282	59464037	20q.9	q	2
chr20	60283167	60296872	20q.10	q	1
chr20	60297080	60302803	20q.10	q	1
chr20	60314746	60320301	20q.10	q	1
chr20	60324885	60331439	20q.10	q	1
chr20	60335952	60344444	20q.10	q	1
chr20	60344520	60351652	20q.10	q	1
chr20	60358131	60363691	20q.10	q	1
chr21	14828059	14843619	21q.1	q	2
chr21	14849882	14859745	21q.1	q	2
chr21	14861947	14868135	21q.1	q	2
chr21	14872894	14878547	21q.1	q	2
chr21	14892691	14897800	21q.1	q	2
chr21	14906330	14912906	21q.1	q	2
chr21	14913290	14920896	21q.1	q	2
chr21	14921095	14927077	21q.1	q	2
chr21	15118904	15128984	21q.2	q	1
chr21	15134572	15144816	21q.2	q	1
chr21	16095888	16104372	21q.3	q	2
chr21	16107340	16114247	21q.3	q	2
chr21	16114505	16127681	21q.3	q	2
chr21	16132836	16141586	21q.3	q	2
chr21	16164339	16171588	21q.3	q	2
chr21	16173147	16182611	21q.3	q	2
chr21	18015199	18028419	21q.4	q	2
chr21	18028474	18035302	21q.4	q	2
chr21	24229185	24237618	21q.5	q	2
chr21	24237664	24246487	21q.5	q	2
chr21	24257596	24265687	21q.5	q	2
chr21	24274154	24281264	21q.5	q	2
chr21	24287644	24295031	21q.5	q	2
chr21	24297044	24310219	21q.5	q	2
chr21	24321178	24327951	21q.5	q	2
chr21	24489763	24498883	21q.6	q	1
chr21	24511864	24517483	21q.6	q	1
chr21	24521488	24527059	21q.6	q	1
chr21	24527348	24534371	21q.6	q	1
chr21	24537516	24545419	21q.6	q	1
chr21	24545419	24555324	21q.6	q	1
chr21	24568310	24579861	21q.6	q	1
chr21	25502241	25522183	21q.7	q	2
chr21	25525326	25530532	21q.7	q	2
chr21	25537618	25549943	21q.7	q	2
chr21	25581545	25588023	21q.7	q	2
chr21	25589450	25596100	21q.7	q	2
chr21	26023626	26031431	21q.8	q	2
chr21	26048242	26058781	21q.8	q	2
chr21	26064898	26075934	21q.8	q	2
chr21	26103480	26108617	21q.8	q	2
chr21	26108790	26116977	21q.8	q	2
chr21	26586931	26592585	21q.9	q	2
chr21	26592600	26598126	21q.9	q	2
chr21	26606352	26614137	21q.9	q	2
chr21	26618814	26626952	21q.9	q	2
chr21	26630753	26637966	21q.9	q	2
chr21	26655021	26664916	21q.9	q	2
chr21	28909516	28923390	21q.10	q	1
chr21	28927681	28933661	21q.10	q	1
chr21	28935765	28951039	21q.10	q	1
chr21	28960139	28968707	21q.10	q	1
chr21	29576720	29585187	21q.11	q	2
chr21	29588141	29605329	21q.11	q	2
chr21	29605478	29614477	21q.11	q	2
chr21	29622113	29629484	21q.11	q	2
chr21	29629699	29641390	21q.11	q	2
chr21	29641434	29646882	21q.11	q	2
chr21	29646992	29655199	21q.11	q	2
chr21	29659786	29666119	21q.11	q	2
chr21	32913204	32922828	21q.12	q	2
chr21	32922833	32929347	21q.12	q	2
chr21	32943474	32949109	21q.12	q	2
chr21	32953389	32959296	21q.12	q	2
chr21	32975435	32987469	21q.12	q	2
chr21	34057802	34070466	21q.13	q	2
chr21	34079493	34085760	21q.13	q	2
chr21	34085793	34095901	21q.13	q	2
chr21	34095901	34106010	21q.13	q	2
chr21	34804809	34820377	21q.14	q	1
chr21	34826611	34833089	21q.14	q	1
chr21	34833310	34842808	21q.14	q	1
chr21	34842812	34848521	21q.14	q	1
chr21	34855477	34863577	21q.14	q	1
chr21	34877064	34883524	21q.14	q	1
chr21	35615061	35620749	21q.15	q	2
chr21	35620754	35630533	21q.15	q	2
chr21	35630812	35641828	21q.15	q	2
chr21	37838703	37858140	21q.16	q	2
chr21	37862941	37872892	21q.16	q	2
chr21	37872946	37890073	21q.16	q	2
chr21	37894512	37903139	21q.16	q	2
chr21	37903148	37909402	21q.16	q	2
chr21	37913640	37920414	21q.16	q	2
chr21	37923032	37929694	21q.16	q	2
chr21	38587512	38602009	21q.17	q	2
chr21	38607466	38612663	21q.17	q	2
chr21	38616181	38624294	21q.17	q	2
chr21	38626102	38632647	21q.17	q	2
chr21	38659757	38665467	21q.17	q	2
chr21	38666897	38677523	21q.17	q	2
chr21	38679492	38685000	21q.17	q	2
chr21	39158883	39166963	21q.18	q	1
chr21	39166963	39183875	21q.18	q	1
chr21	40118464	40131497	21q.19	q	2
chr21	40131525	40136890	21q.19	q	2
chr21	40150336	40157832	21q.19	q	2
chr21	40157883	40164487	21q.19	q	2
chr21	41180555	41189817	21q.20	q	2
chr21	41200417	41213503	21q.20	q	2
chr21	41224976	41232868	21q.20	q	2
chr22	27946610	27955191	22q.1	q	2
chr22	27968888	27979210	22q.1	q	2
chr22	28006636	28019398	22q.1	q	2
chr22	28019398	28032160	22q.1	q	2
chr22	28062846	28071209	22q.2	q	1
chr22	28074891	28081554	22q.2	q	1
chr22	28090032	28096930	22q.2	q	1
chr22	28096967	28107546	22q.2	q	1
chr22	28107546	28118126	22q.2	q	1
chr22	28123877	28133268	22q.2	q	1
chr22	28137741	28144504	22q.2	q	1
chr22	28364298	28371653	22q.3	q	2
chr22	28374705	28380051	22q.3	q	2
chr22	28392783	28401354	22q.3	q	2
chr22	32472977	32479397	22q.4	q	2
chr22	32479585	32488974	22q.4	q	2
chr22	32489012	32496314	22q.4	q	2
chr22	32537363	32544882	22q.4	q	2
chr22	32573819	32581963	22q.5	q	2
chr22	32587144	32595681	22q.5	q	2
chr22	32764145	32769478	22q.6	q	1
chr22	32814340	32821353	22q.6	q	1
chr22	32825601	32834120	22q.6	q	1
chr22	32900944	32906501	22q.7	q	2
chr22	32915172	32923872	22q.7	q	2
chr22	32981410	32987434	22q.7	q	2
chr22	33053322	33058903	22q.8	q	2
chr22	34294334	34304753	22q.9	q	2
chr22	34310568	34315588	22q.9	q	2
chr22	34315589	34321122	22q.9	q	2
chr22	34331390	34336565	22q.9	q	2
chr22	34521651	34527477	22q.10	q	1
chr22	34527480	34532916	22q.10	q	1
chr22	35291028	35297460	22q.11	q	2
chr22	35331780	35337013	22q.11	q	2
chr22	35413254	35418520	22q.12	q	2
chr22	35418556	35427602	22q.12	q	2
chr22	35445647	35455241	22q.12	q	2
chr22	35782481	35789270	22q.13	q	2
chr22	35806900	35821317	22q.13	q	2
chr22	36004673	36014121	22q.14	q	1
chr22	36129313	36135183	22q.15	q	2
chr22	36655978	36661974	22q.16	q	2
chr22	36662174	36669218	22q.16	q	2
chr22	36671119	36677685	22q.16	q	2
chr22	36684330	36692864	22q.16	q	2
chr22	37928942	37934587	22q.17	q	2
chr22	38245773	38252869	22q.18	q	1
chr22	38268298	38274108	22q.18	q	1
chr22	38695791	38701894	22q.19	q	2
chr22	38703852	38709007	22q.19	q	2
chr22	38714400	38719909	22q.19	q	2
chr22	38723675	38729069	22q.19	q	2
chr22	39736993	39742295	22q.20	q	2
chr22	39742409	39748417	22q.20	q	2
chr22	39748624	39756369	22q.20	q	2
chr22	39848443	39855995	22q.21	q	2
chr22	39861409	39867004	22q.21	q	2
chr22	40164983	40170315	22q.22	q	1
chr22	40464165	40470691	22q.23	q	2
chr22	41824598	41829819	22q.24	q	2
chr22	41840123	41847907	22q.24	q	2
chr22	41993341	42000444	22q.25	q	2
chr22	42819363	42825391	22q.26	q	1
chr22	44398701	44405163	22q.27	q	2
chr22	44405443	44412941	22q.27	q	2
chr22	44492753	44498019	22q.27	q	2
chr22	44499705	44505426	22q.28	q	2
chr22	44518283	44523678	22q.28	q	2
chr22	44575930	44581583	22q.28	q	2
chr22	47679613	47685856	22q.29	q	2
chr22	48298547	48306076	22q.30	q	1
chrX	9194645	9199702	Xp.1	p	1
chrX	9201909	9208390	Xp.1	p	1
chrX	9208599	9223286	Xp.1	p	1
chrX	9223494	9229347	Xp.1	p	1
chrX	9229710	9246237	Xp.1	p	1
chrX	9246773	9257558	Xp.1	p	1
chrX	9261867	9270643	Xp.1	p	1
chrX	9270956	9278068	Xp.1	p	1
chrX	9278217	9283712	Xp.1	p	1
chrX	9283751	9289909	Xp.1	p	1
chrX	12219999	12232251	Xp.2	p	1
chrX	12232478	12238177	Xp.2	p	1
chrX	12238273	12248755	Xp.2	p	1
chrX	12248917	12265836	Xp.2	p	1
chrX	12266069	12274719	Xp.2	p	1
chrX	12277046	12293534	Xp.2	p	1
chrX	12293534	12310022	Xp.2	p	1
chrX	25520650	25526073	Xp.3	p	1
chrX	25526400	25533606	Xp.3	p	1
chrX	25533826	25540998	Xp.3	p	1
chrX	25542898	25562465	Xp.3	p	1
chrX	25567311	25577350	Xp.3	p	1
chrX	25577640	25596842	Xp.3	p	1
chrX	25602499	25610942	Xp.3	p	1
chrX	25611101	25617192	Xp.3	p	1
chrX	39436822	39444380	Xp.4	p	1
chrX	39444939	39456018	Xp.4	p	1
chrX	39456018	39467098	Xp.4	p	1
chrX	39467101	39485784	Xp.4	p	1
chrX	39485819	39501840	Xp.4	p	1
chrX	39501840	39517861	Xp.4	p	1
chrX	39521167	39530269	Xp.4	p	1
chrX	39530307	39535628	Xp.4	p	1
chrX	44143058	44149579	Xp.5	p	1
chrX	44149594	44162148	Xp.5	p	1
chrX	44162318	44168249	Xp.5	p	1
chrX	44168455	44184473	Xp.5	p	1
chrX	44191422	44202224	Xp.5	p	1
chrX	44202228	44207985	Xp.5	p	1
chrX	44211616	44216900	Xp.5	p	1
chrX	44217381	44226750	Xp.5	p	1
chrX	44226802	44238874	Xp.5	p	1
chrX	50636075	50641676	Xp.6	p	1
chrX	50642655	50651615	Xp.6	p	1
chrX	50654643	50662221	Xp.6	p	1
chrX	50662228	50670109	Xp.6	p	1
chrX	50670824	50682149	Xp.6	p	1
chrX	50690825	50710341	Xp.6	p	1
chrX	50710364	50717279	Xp.6	p	1
chrX	84094577	84110110	Xq.1	q	1
chrX	84110110	84125644	Xq.1	q	1
chrX	84133079	84140464	Xq.1	q	1
chrX	84140498	84149258	Xq.1	q	1
chrX	84150904	84163350	Xq.1	q	1
chrX	84163578	84170358	Xq.1	q	1
chrX	84172205	84189639	Xq.1	q	1
chrX	93718806	93730636	Xq.2	q	1
chrX	93730636	93742467	Xq.2	q	1
chrX	93742478	93749230	Xq.2	q	1
chrX	93757447	93764042	Xq.2	q	1
chrX	93765260	93770635	Xq.2	q	1
chrX	93771041	93785429	Xq.2	q	1
chrX	93785605	93797752	Xq.2	q	1
chrX	93797788	93815743	Xq.2	q	1
chrX	108176156	108185236	Xq.3	q	1
chrX	108185280	108195273	Xq.3	q	1
chrX	108195312	108209155	Xq.3	q	1
chrX	108209155	108222998	Xq.3	q	1
chrX	108223270	108228541	Xq.3	q	1
chrX	108228545	108238112	Xq.3	q	1
chrX	108240011	108256463	Xq.3	q	1
chrX	108256463	108272916	Xq.3	q	1
chrX	124775225	124787397	Xq.4	q	1
chrX	124789695	124797864	Xq.4	q	1
chrX	124802405	124816899	Xq.4	q	1
chrX	124817282	124827067	Xq.4	q	1
chrX	124827249	124837138	Xq.4	q	1
chrX	124837192	124854209	Xq.4	q	1
chrX	124859359	124865629	Xq.4	q	1
chrX	132367099	132378600	Xq.5	q	1
chrX	132378600	132390101	Xq.5	q	1
chrX	132390104	132396315	Xq.5	q	1
chrX	132400150	132420010	Xq.5	q	1
chrX	132420648	132433893	Xq.5	q	1
chrX	132433996	132445799	Xq.5	q	1
chrX	132453895	132463181	Xq.5	q	1
chrX	151763727	151769299	Xq.6	q	1
chrX	151771136	151781208	Xq.6	q	1
chrX	151781297	151798077	Xq.6	q	1
chrX	151798077	151814857	Xq.6	q	1
chrX	151814857	151831638	Xq.6	q	1
chrX	151831702	151844899	Xq.6	q	1
chrX	151844899	151858097	Xq.6	q	1
chrY	12688131	12695252	Yq.1	q	1
chrY	12695341	12703271	Yq.1	q	1
chrY	12723579	12729081	Yq.1	q	1
chrY	12738684	12743758	Yq.1	q	1
chrY	12751190	12757194	Yq.1	q	1
chrY	12759438	12767201	Yq.1	q	1
chrY	12804820	12813952	Yq.2	q	1
chrY	12836770	12842323	Yq.2	q	1
chrY	12842324	12847628	Yq.2	q	1
chrY	12881215	12888513	Yq.2	q	1
chrY	12895044	12900541	Yq.2	q	1
chrY	12937881	12945287	Yq.3	q	1
chrY	12947986	12953756	Yq.3	q	1
chrY	12961559	12968876	Yq.3	q	1
chrY	12975510	12980596	Yq.3	q	1
chrY	13010473	13028785	Yq.3	q	1
chrY	13038923	13045678	Yq.4	q	1
chrY	13045815	13051383	Yq.4	q	1
chrY	13060307	13067013	Yq.4	q	1
chrY	13078274	13086134	Yq.4	q	1
chrY	13124278	13130479	Yq.4	q	1
chrY	13299022	13309316	Yq.5	q	1
chrY	13326219	13331654	Yq.5	q	1
chrY	13350922	13356348	Yq.5	q	1
chrY	13368511	13374189	Yq.5	q	1
chrY	13403405	13410986	Yq.6	q	1
chrY	13410989	13418010	Yq.6	q	1
chrY	13418510	13424280	Yq.6	q	1
chrY	13429967	13435247	Yq.6	q	1
chrY	13435424	13443311	Yq.6	q	1
chrY	13470143	13475750	Yq.6	q	1
chrY	13475766	13481317	Yq.6	q	1
chrY	13487924	13493747	Yq.6	q	1
chrY	13496172	13504810	Yq.7	q	1
chrY	13535750	13540837	Yq.7	q	1
chrY	13552665	13557805	Yq.7	q	1
chrY	13576538	13583292	Yq.7	q	1
chrY	13674604	13682050	Yq.8	q	1
chrY	13697228	13703216	Yq.8	q	1
chrY	13709556	13716649	Yq.8	q	1
chrY	14181858	14188207	Yq.9	q	1
chrY	14198203	14205558	Yq.9	q	1
chrY	14224800	14240150	Yq.9	q	1
chrY	14272969	14279988	Yq.9	q	1
chrY	14436916	14442974	Yq.10	q	1
chrY	14513827	14529003	Yq.10	q	1
chrY	14741906	14748629	Yq.11	q	1
chrY	14759436	14765827	Yq.11	q	1
chrY	14797457	14812430	Yq.11	q	1
chrY	14824290	14829712	Yq.11	q	1
chrY	14833779	14839839	Yq.11	q	1
chrY	14849551	14856848	Yq.12	q	1
chrY	14869614	14875083	Yq.12	q	1
chrY	14890596	14895681	Yq.12	q	1
chrY	14931289	14937712	Yq.12	q	1
chrY	15091659	15099160	Yq.13	q	1
chrY	15138410	15145879	Yq.13	q	1
chrY	15175549	15185356	Yq.13	q	1
chrY	15343136	15348221	Yq.14	q	1
chrY	15374263	15381962	Yq.14	q	1
chrY	15910228	15917939	Yq.15	q	1
chrY	15960065	15967249	Yq.16	q	1
chrY	15990149	15999220	Yq.16	q	1
chrY	16047878	16053581	Yq.16	q	1
chrY	16054136	16059726	Yq.16	q	1
chrY	16100762	16106871	Yq.17	q	1
chrY	16120631	16129020	Yq.17	q	1
chrY	16151858	16158445	Yq.17	q	1
chrY	16518971	16528000	Yq.18	q	1
chrY	16541727	16549617	Yq.18	q	1
chrY	16575710	16582762	Yq.18	q	1
chrY	16584562	16589913	Yq.18	q	1
chrY	16590492	16595638	Yq.18	q	1
chrY	16624018	16630457	Yq.19	q	1
chrY	16649726	16654829	Yq.19	q	1
chrY	16656028	16663944	Yq.19	q	1
chrY	16672014	16678095	Yq.19	q	1
chrY	16689107	16705410	Yq.19	q	1
chrY	21088548	21097357	Yq.20	q	1
chrY	21099697	21105201	Yq.20	q	1
chrY	21105372	21110398	Yq.20	q	1
chrY	21160022	21165530	Yq.20	q	1
chrY	21186068	21193618	Yq.21	q	1
chrY	21201112	21210477	Yq.21	q	1
