# The fetch menu: what a fetch can read, for `ngsdose fetchplan`.
#
# A fetch (`ngs-dose count -m fetch`) reads the control regions and the sink intervals of the classes
# it loads, through the CRAM index. Sinks are where the aligner put a class's reads; they are learned
# from whole-file scans (`ngsdose sinks SCANS [--classes ...]`) and checked on held-out scans
# (`ngsdose sinks HELD_OUT --evaluate BED`), never assumed from the class's reference coordinates, and
# they belong to one aligner and reference. A new class starts as a candidate: its panel is loaded in
# the scans (fetchplan writes it to PREFIX.scan_panels.txt), its sinks are learned there, and only
# then does its row name a sinks file and become fetchable.
#
# Format: tab-separated. Lines starting with '#' are comments, except '##preset<TAB>name<TAB>description',
# which describes a preset. The first other line is the header; columns may come in any order, and
# all of these are required:
#   class     option name: the class name as its panel defines it (checked against the panel's ##class
#             lines), 'controls' / 'unmapped' for the two special rows, or the name of a subset
#   group     free text grouping (rDNA, satellite, ...)
#   kind      positional | compositional (as in the panel) | controls | unmapped | subset: a named subset of a
#             class's learned intervals (one array of a satellite family), whose sinks file is a BED of those
#             intervals with the class in its fourth column (experimental/subsets/NAME.bed). It is fetched
#             whole and counted as that class, and `ngsdose estimate` reports NAME.mass_Mb from the class's
#             placements inside it; fetched without the rest of the class's sinks, the class itself is not
#             measured
#   status    shipped | experimental | candidate, optionally followed by ': a note'.
#             shipped: sinks in the bundle (fetch compared with scans for rDNA45S, rDNA5S and DJ; not yet
#             for TEL); experimental: sinks learned from scans, not yet shipped or compared; candidate: no
#             sinks learned yet (scan only)
#   tier      A-D, the order in which `--budget-mb` adds options (cheapest first within a tier):
#             A core (always worth its bytes), B shipped and measured, C experimental with a named
#             question and truth data, D experimental, costly or of lower capture
#   presets   comma-separated preset names the row belongs to ('-' for none)
#   panel     the k-mer panel file defining the class (for a subset: its class), relative to this file's
#             directory ('-' for controls and unmapped)
#   sinks     the sinks BED holding the class's intervals (4th column = class), relative to this file's
#             directory; for the controls row, the BED of the control regions; '-' for unmapped and candidates
#   measures  what the option measures
#   truth     external truth available for the 1000 Genomes samples ('-' if none)
#   notes     anything else ('-' if nothing)
#   stats     optional column: interval statistics (`ngsdose sinks SCANS --evaluate BED --held-out --stats FILE`,
#             on scans the sinks were not learned from, which the file's '# held-out:' line records) for
#             `fetchplan --capture`, relative to this file's directory ('-' for none, and for subsets; a named
#             file that is missing is skipped); `fetchplan --stats` adds or overrides them. A capture target keeps
#             a class's intervals by share per read, or with --crai by share per byte of their own fetch (the CRAM
#             slices they overlap, with their containers' compression headers; then the expected capture is a
#             lower bound, from the statistics' share_max). An interval another selected class keeps is read
#             anyway: every class that has it keeps it
#
# The control regions are always read: the set the controls row names, or another of the bundle's control sets
# (`fetchplan --controls NAME`; `ngsdose control-sets` lists them: `all`, every region the bundle has, which is what a
# whole-file scan counts; `base`; `lite200`; `karyotype` and `screen`, which add the karyotype windows to lite200's
# controls). The unmapped bin is every read without a coordinate
# (`ngs-dose count --unmapped`). Costs are per CRAM and come from its .crai (`fetchplan --crai`), priced as
# `ngs-dose count -m fetch` reads them: one query per run of intervals no more than 50,000 bp apart (an engine before
# 0.3.0: per run of touching or overlapping intervals), each decoding every slice that overlaps it, so a slice under
# several queries is decoded once per query. The MB figures
# below are medians over 13 NYGC 30x CRAM indexes (docs/fetch_examples.md, which prices every option and the
# presets and is the figure to re-run).
##preset	core	the bundle's positional classes: 45S and 5S rDNA and the distal junction; the NGS-DOSE-1000G fetch with the fae1124 engine
##preset	core_tel	core plus the telomeric repeat: the default NGS-DOSE-1000G fetch on an image newer than fae1124
##preset	truths	options whose copy number has an external truth for 1000 Genomes samples: DJ (10 copies), 5S rDNA (arrays assembled whole in HPRC r2), and the DXZ1 and DYZ3 arrays (HPRC r2 CenSat); candidates with truth data join it
##preset	satellites	the ten satellite families, and the unmapped bin that part of HSat1B needs
##preset	xy_arrays	the sub-options of the X and Y satellite arrays: DXZ1 and DYZ3 (the chrX and chrY centromeric HOR arrays), DYZ1 and DYZ2 (Yq12 HSat3 and HSat1B); about 84 MB beyond the controls or core_tel (median of what the four add per CRAM, 13 NYGC CRAM indexes: 38-47 MB in the six women, 84-146 MB in the seven men); fetched without their classes, which are then not measured
##preset	biobank_lite	core plus the telomeric repeat and the four satellites cheapest to fetch (SST1, CER, SATR, ACRO); about 600 MB, 3.6% of a 30x NYGC CRAM (567 MB with --capture 0.995, by the held-out statistics of the bundle sinks and the satellite sinks)
class	group	kind	status	tier	presets	panel	sinks	measures	truth	notes	stats
controls	controls	controls	shipped	A	-	-	GRCh38/controls.base.bed	800 single-copy control regions (the depth and fragment-GC model), 180 held-out autosomal, chrX and chrY truth regions, and the chrM and chrEBV dosage regions; every chromosome is read in copies from them (`karyotype`), unevenly: the control sets `karyotype` and `screen` add windows along every arm (`--controls NAME`)	held-out regions: 2 copies (autosomal), chrX and chrY by sex	always read; padded by the fetch's --pad (600 bp). The set `base`: what the bundle held before the karyotype windows	-
unmapped	unmapped	unmapped	shipped	C	satellites	-	-	reads without a coordinate, classified like the rest	-	8.5 MB of a 30x NYGC CRAM (median of 13); needed for the part of HSat1B left unmapped in the 698-genome batch	-
rDNA45S	rDNA	positional	shipped	A	core,core_tel,biobank_lite	GRCh38/panel.k31.tsv.gz	GRCh38/sinks.bed	45S rDNA copy number and per-window unit dosage	HPRC r2 assemblies (partial); ddPCR of 9 cell lines (Potapova et al. 2025)	-	GRCh38/sinks.stats.tsv
rDNA5S	rDNA	positional	shipped	A	core,core_tel,truths,biobank_lite	GRCh38/panel.k31.tsv.gz	GRCh38/sinks.bed	5S rDNA copy number	HPRC r2 assemblies (5S arrays assembled whole)	-	GRCh38/sinks.stats.tsv
DJ	acrocentric	positional	shipped	A	core,core_tel,truths,biobank_lite	GRCh38/panel.k31.tsv.gz	GRCh38/sinks.bed	distal junction copies (acrocentric short arms)	10 copies expected (bundle expected_copies)	-	GRCh38/sinks.stats.tsv
TEL	telomere	compositional	shipped: no fetch compared with its scan yet	B	core_tel,biobank_lite	experimental/telomere.k31.panel.tsv.gz	GRCh38/sinks.bed	telomeric repeat mass (TTAGGG)	-	sinks learned from 372 scans; 92% of its reads lie within 25 kb of a chromosome end	GRCh38/sinks.stats.tsv
HSat1A	satellite	compositional	experimental: sinks from scans, no fetch compared yet	D	satellites	experimental/satellites.CHM13v2.k31.panel.tsv.gz	experimental/sinks.satellites.bed	HSat1A mass	HPRC CenSat annotations	-	experimental/sinks.satellites.stats.tsv
HSat1B	satellite	compositional	experimental: sinks from scans, no fetch compared yet	D	satellites	experimental/satellites.CHM13v2.k31.panel.tsv.gz	experimental/sinks.satellites.bed	HSat1B mass	HPRC CenSat annotations	held-out capture min 96.6%, median 99.0% (97.9% / 99.4% with the unmapped bin; 1,648 scans); part of it is fully unmapped in the 698-genome batch: select with unmapped	experimental/sinks.satellites.stats.tsv
HSat2	satellite	compositional	experimental: sinks from scans, no fetch compared yet	C	satellites	experimental/satellites.CHM13v2.k31.panel.tsv.gz	experimental/sinks.satellites.bed	HSat2 mass; per-array dosage from placements	HPRC CenSat annotations	-	experimental/sinks.satellites.stats.tsv
HSat3	satellite	compositional	experimental: sinks from scans, no fetch compared yet	D	satellites	experimental/satellites.CHM13v2.k31.panel.tsv.gz	experimental/sinks.satellites.bed	HSat3 mass	HPRC CenSat annotations	the most costly family to fetch	experimental/sinks.satellites.stats.tsv
aSatHOR	satellite	compositional	experimental: sinks from scans, no fetch compared yet	C	satellites	experimental/satellites.CHM13v2.k31.panel.tsv.gz	experimental/sinks.satellites.bed	alpha-satellite HOR mass; per-array dosage from placements	HPRC CenSat annotations (per-array r 0.89-0.99)	sinks are the centromere models, about 60 Mb	experimental/sinks.satellites.stats.tsv
bSat	satellite	compositional	experimental: sinks from scans, no fetch compared yet	D	satellites	experimental/satellites.CHM13v2.k31.panel.tsv.gz	experimental/sinks.satellites.bed	beta-satellite mass	HPRC CenSat annotations	-	experimental/sinks.satellites.stats.tsv
ACRO	satellite	compositional	experimental: sinks from scans, no fetch compared yet	D	satellites,biobank_lite	experimental/satellites.CHM13v2.k31.panel.tsv.gz	experimental/sinks.satellites.bed	ACRO composite satellite mass (acrocentric short arms)	HPRC CenSat annotations	-	experimental/sinks.satellites.stats.tsv
SST1	satellite	compositional	experimental: sinks from scans, no fetch compared yet	C	satellites,biobank_lite	experimental/satellites.CHM13v2.k31.panel.tsv.gz	experimental/sinks.satellites.bed	SST1 mass; the acrocentric NBL2 part from placements	HPRC CenSat annotations	-	experimental/sinks.satellites.stats.tsv
CER	satellite	compositional	experimental: sinks from scans, no fetch compared yet	D	satellites,biobank_lite	experimental/satellites.CHM13v2.k31.panel.tsv.gz	experimental/sinks.satellites.bed	CER satellite mass	HPRC CenSat annotations	-	experimental/sinks.satellites.stats.tsv
SATR	satellite	compositional	experimental: sinks from scans, no fetch compared yet	D	satellites,biobank_lite	experimental/satellites.CHM13v2.k31.panel.tsv.gz	experimental/sinks.satellites.bed	SATR mass	HPRC CenSat annotations	-	experimental/sinks.satellites.stats.tsv
DXZ1	satellite array	subset	experimental: part of the aSatHOR sinks; no fetch compared yet	C	xy_arrays,truths	experimental/satellites.CHM13v2.k31.panel.tsv.gz	experimental/subsets/DXZ1.bed	DXZ1 array mass (the chrX centromeric alpha-satellite HOR array) over all X chromosomes, from aSatHOR's placements at chrX's centromere model	HPRC r2 CenSat chrX active HOR array, both haplotypes (n = 124, r 0.992); sex (women / men 2.02)	4 intervals, 4.2 Mb; 9.8 MB of a 30x NYGC CRAM (median of 13 indexes); fetched without aSatHOR, aSatHOR itself is not measured	-
DYZ3	satellite array	subset	experimental: part of the aSatHOR sinks; no fetch compared yet	C	xy_arrays,truths	experimental/satellites.CHM13v2.k31.panel.tsv.gz	experimental/subsets/DYZ3.bed	DYZ3 array mass (the chrY centromeric alpha-satellite HOR array), from aSatHOR's placements at chrY's centromere model	sex; HPRC r2 CenSat chrY HOR array (men, n = 60, r 0.835)	4 intervals, 0.38 Mb; 5.0 MB (as much beyond the bundle sinks: its four runs decode chrY slices the bundle's intervals do not)	-
DYZ1	satellite array	subset	experimental: part of the HSat3 sinks; no fetch compared yet	C	xy_arrays	experimental/satellites.CHM13v2.k31.panel.tsv.gz	experimental/subsets/DYZ1.bed	Yq12 DYZ1 (HSat3) mass, from HSat3's placements at chrY:56.67-56.78 Mb	sex (the HPRC r2 assemblies rarely close Yq12)	1 interval, 0.11 Mb; 39.1 MB (1.0-75.5): most of it in slices of reads of other classes	-
DYZ2	satellite array	subset	experimental: part of the HSat1B sinks; no fetch compared yet	C	xy_arrays	experimental/satellites.CHM13v2.k31.panel.tsv.gz	experimental/subsets/DYZ2.bed	an index of male-specific (Y-derived) HSat1B: its part in 78 HSat1B sink intervals that hold HSat1B reads in men and almost none in women (21.7% of men's HSat1B, about a quarter of the Y-derived part); they are mostly on autosomes, chrX and decoys (66 autosomal, 7 on chrX, 3 on decoys, 2 of 78 on chrY)	sex (the HPRC r2 assemblies rarely close Yq12)	78 intervals, 0.91 Mb; 34.3 MB; chosen on the 100 training scans (men median >= 100 reads, women < 2% of it)	-
# Candidate classes (resources/experimental/candidates: README.md, candidates.tsv). Status candidate: no sinks have been
# learned, so fetchplan puts their panels in PREFIX.scan_panels.txt for the whole-file scans and fetches none of them.
# Their tier is the group's rating, by the per-sample truth available for 1000 Genomes samples and the interest of the
# measurement: A per-sample truth for cohort members, B partial or indirect truth, C a relative or technical measure,
# D exploratory. Tier A candidates join the truths preset. Notes: recall of reads cut from the unit (all panels
# loaded); where one whole-file scan of NA12878 (female) placed the class's reads; the bytes beyond today's fetch of
# the intervals `ngsdose sinks` learns from that one scan (median of 13 NYGC CRAM indexes). One genome: planning
# numbers, not sinks.
##preset	candidates	every candidate class: the panels to load in whole-file scans while their sinks are learned
##preset	candidates_A	the tier-A candidates (per-sample truth for 1000 Genomes samples)
##preset	cand_macrosatellites	candidate group macrosatellites (resources/experimental/candidates/macrosatellites.k31.panel.tsv.gz)
##preset	cand_multicopy_genes	candidate group multicopy-genes (resources/experimental/candidates/multicopy-genes.k31.panel.tsv.gz)
##preset	cand_sex_arrays	candidate group sex-chromosome-arrays (resources/experimental/candidates/sex-chromosome-arrays.k31.panel.tsv.gz)
##preset	cand_rna_arrays	candidate group rna-arrays (resources/experimental/candidates/rna-arrays.k31.panel.tsv.gz)
##preset	cand_nonhuman	candidate group nonhuman (resources/experimental/candidates/nonhuman*.k31.panel.tsv.gz)
##preset	cand_coding_vntrs	candidate group coding-vntrs (resources/experimental/candidates/coding-vntrs.k31.panel.tsv.gz)
DXZ4	macrosatellites	positional	candidate: no sinks yet	A	candidates,cand_macrosatellites,candidates_A,truths	experimental/candidates/macrosatellites.k31.panel.tsv.gz	-	Total DXZ4 units (3.0 kb, 62% GC, CTCF-bound on the Xi): hemizygous single alleles in males, two-allele sums in females; X-linked transmission (father->daughter slope 1, father->son 0, mother->son 0.5).	Schaap 2013 (BMC Genomics 14:143) Additional file 1: PFGE per-allele unit counts for 262 cohort members (HapMap CEU/YRI trios, CHB, JPT), 6 mosaics with fractions; Tremblay 2011 CEPH 1345 (NA07349, NA07346). None of the 262 is among the 1,748 counted yet. Strathmann 2023 (AJHG) links DXZ4 monomer number to PLS3 expression in LCLs (Geuvadis replication possible).	recall 1.00 of reads cut from the unit; NA12878 scan: 42,786 reads, 99.99% at its reference copies; indicative fetch +0.78 MB	-
CT47	macrosatellites	positional	candidate: no sinks yet	A	candidates,cand_macrosatellites,candidates_A,truths	experimental/candidates/macrosatellites.k31.panel.tsv.gz	-	CT47 cancer-testis gene-array units: small integer states (Schaap: 4-13 per male allele), X-linked transmission with integer checks (daughter = father + one maternal allele).	Schaap 2013 Additional file 1: PFGE per-allele CT47 units for the same 262 HapMap cohort members (2 mosaics).	recall 1.00 of reads cut from the unit; NA12878 scan: 8,732 reads, 99.99% at its reference copies; indicative fetch +0.31 MB	-
RS447	macrosatellites	positional	candidate: no sinks yet	A	candidates,cand_macrosatellites,candidates_A,truths	experimental/candidates/macrosatellites.k31.panel.tsv.gz	-	RS447/USP17L megasatellite units (4.7 kb), diploid sum 50-270 units.	Schaap 2013 PFGE per-allele units (43 of 270 RS447 rows marked complex); Brahmachary 2014 PLoS Genet Table S2 Nanostring USP17 counts (165 HapMap; probe also hits chr8 paralogs, r=0.68 with PFGE); HPRC r2 assemblies (NA18505: 47+65 units vs PFGE 49+69).	recall 1.00 of reads cut from the unit; NA12878 scan: 53,507 reads, 99.96% at its reference copies; indicative fetch +1.54 MB	-
MSR5p	macrosatellites	positional	candidate: no sinks yet	A	candidates,cand_macrosatellites,candidates_A,truths	experimental/candidates/macrosatellites.k31.panel.tsv.gz	-	MSR5p/TAF11-like macrosatellite units (3.4 kb); multimodal allele sizes (Schaap modes ~25, 50, 75, 130).	Schaap 2013 PFGE per-allele units (13 complex rows); Brahmachary 2014 Nanostring MSat06 (r=0.87 with PFGE); HPRC r2 (NA18505: 57+41 vs PFGE 50+55).	recall 1.00 of reads cut from the unit; NA12878 scan: 50,877 reads, 99.98% at its reference copies; indicative fetch +1.11 MB	-
FLJ40296	macrosatellites	positional	candidate: no sinks yet	A	candidates,cand_macrosatellites,candidates_A,truths	experimental/candidates/macrosatellites.k31.panel.tsv.gz	-	FLJ40296/PRR20 array units (6.6 kb); diploid 8-55, median 18, so one unit is 2-12% of the total: an integer-resolution test like DJ.	Schaap 2013 PFGE per-allele units (1 complex row); Brahmachary 2014 Nanostring PRR20A probes (r=0.92/0.87 with PFGE); HPRC r2 (NA18505: 17.3+10.4 vs PFGE 12+16).	recall 1.00 of reads cut from the unit; NA12878 scan: 12,921 reads, 99.67% at its reference copies; indicative fetch +0.95 MB	-
RNU2	macrosatellites	positional	candidate: no sinks yet	B	candidates,cand_macrosatellites	experimental/candidates/macrosatellites.k31.panel.tsv.gz	-	Diploid number of 6.1-kb U2 snRNA gene units in the 17q21.31 array next to BRCA1 (5-82 per allele).	Weak external truth: Tessereau 2014 read-depth values for 8 CEPH LCLs (not orthogonal; they disagree at the low end), fiber-FISH only in a figure; HPRC r2 assemblies with per-sample QC (HG00099 50 units vs 30x estimate 52; HG00097 haplotypes near-identical); a dPCR assay exists (Ueda 2026). Transmission in 602 trios.	recall 0.99 of reads cut from the unit; NA12878 scan: 56,474 reads, 99.94% at its reference copies; indicative fetch +1.40 MB	-
D4Z4	macrosatellites	positional	candidate: no sinks yet	A	candidates,cand_macrosatellites,candidates_A,truths	experimental/candidates/macrosatellites.k31.panel.tsv.gz	-	Total 4q35 + 10q26 D4Z4 units (the FSHD macrosatellite), one class; cannot identify a contracted 4qA allele.	Schaap 2013 PFGE 4q and 10q sizes for the HapMap cohort members; Xiao 2026 Genome Res Table S6 (83 fully spanned 4q/10q alleles of 30 1000 Genomes LCLs, biased to arrays < ~40 units); 1000 Genomes ONT reads (Gustafson 2024) for reprocessing.	recall 0.92 of reads cut from the unit; NA12878 scan: 42,481 reads, 99.34% at its reference copies; indicative fetch +9.36 MB	-
ZAV	macrosatellites	positional	candidate: no sinks yet	B	candidates,cand_macrosatellites	experimental/candidates/macrosatellites.k31.panel.tsv.gz	-	ZAV/MSat10 units (5.4 kb, ~60% GC with CpG islands); 3-31 units per allele.	Brahmachary 2014 Table S2 Nanostring MSat10 counts for 165 HapMap LCLs (relative only: absolute values were scaled to read depth); HPRC r2 assemblies (arrays <= 168 kb should be spanned; not measured).	recall 1.00 of reads cut from the unit; NA12878 scan: 16,114 reads, 99.86% at its reference copies; indicative fetch +0.85 MB	-
REXO1L1	macrosatellites	positional	candidate: no sinks yet	C	candidates,cand_macrosatellites	experimental/candidates/macrosatellites.k31.panel.tsv.gz	-	REXO1L1 gene-array units (12.2 kb), diploid ~108-266: the most extreme collapsed euchromatic gene array; a relative dosage, not integer.	Brahmachary 2014 Table S2 Nanostring (two REXO1L1 probes, 165 HapMap; relative only); Tyson 2014 8q21.2 euchromatic-variant carriers (not cohort samples).	recall 1.00 of reads cut from the unit; NA12878 scan: 259,658 reads, 99.91% at its reference copies; indicative fetch +4.68 MB	-
D4Z4_4qA	macrosatellites	positional	candidate: no sinks yet	D	candidates,cand_macrosatellites	experimental/candidates/macrosatellites.k31.panel.tsv.gz	-	Number of 4qA-type distal ends (the FSHD-permissive haplotype class at 4q35, or a 4qA-type end translocated to 10q): 0, 1 or 2 per genome, with closure 4qA + 4qB + 10q = 4.	HPRC r2 assemblies (the D4Z4 haplotype review typed 60 counted members, 36 resolved on both haplotypes); Xiao 2026 Table S6 A/B assignments; Lemmers 2010 HapMap typing (per-sample availability unchecked).	recall 0.33 of reads cut from the unit; NA12878 scan: 406 reads, 81.28% at its reference copies; indicative fetch +10.13 MB	-
D4Z4_4qB	macrosatellites	positional	candidate: no sinks yet	D	candidates,cand_macrosatellites	experimental/candidates/macrosatellites.k31.panel.tsv.gz	-	Number of 4qB-type distal ends (4qB on 4q, or 10qB): 0, 1 or 2 (3 with a 10qB), closure with 4qA and 10q.	HPRC r2 typing (HG00099 4qB/4qB, 36 of 60 typed members resolved; n4qB 0/1/2 = 3/20/13); Xiao 2026 Table S6.	recall 0.20 of reads cut from the unit; NA12878 scan: 571 reads, 96.32% at its reference copies; indicative fetch +0.58 MB	-
D4Z4_10q	macrosatellites	positional	candidate: no sinks yet	D	candidates,cand_macrosatellites	experimental/candidates/macrosatellites.k31.panel.tsv.gz	-	Number of 10qA-type distal ends (normally 2), the third term of the closure 4qA + 4qB + 10q = 4; flags 4q/10q exchanges.	HPRC r2 typing (10q carried a 4qB distal in 3 of 60 typed members); Xiao 2026 Table S6.	recall 0.21 of reads cut from the unit; NA12878 scan: 643 reads, 90.51% at its reference copies; indicative fetch +21.37 MB	-
KIV2	multicopy-genes	positional	candidate: no sinks yet	A	candidates,cand_multicopy_genes,candidates_A,truths	experimental/candidates/multicopy-genes.k31.panel.tsv.gz	-	Diploid number of LPA kringle IV type 2 repeats (5.5-kb units, about 12-80 per genome); sets apo(a) isoform size and is the main genetic determinant of plasma Lp(a).	DRAGEN-LPA diploid KIV-2 for all 3,202 cohort genomes and allele-specific values for 1,507 (Behera 2024, BMC Med Genomics 17:255, Supp. Tables 2-4; not yet downloaded); it is a read-depth count over the same NYGC reads scaled by an empirical 6.2, so it checks correlation and scale, not integers. KILDA (Molitor 2025) agrees with DRAGEN at R^2 0.92 but per-sample calls are not published. HPRC assemblies (count units per haplotype) and 602 trios.	recall 0.69 of reads cut from the unit; NA12878 scan: 18,033 reads, 99.99% at its reference copies; indicative fetch +0.95 MB	-
C4	multicopy-genes	positional	candidate: no sinks yet	A	candidates,cand_multicopy_genes,candidates_A,truths	experimental/candidates/multicopy-genes.k31.panel.tsv.gz	-	Total C4 gene copies (C4A + C4B, long and short forms together), per diploid genome (typically 2-6).	Fernando 2010 Southern blot/PRT total C4 and C4A/C4B for 45 CEU members (tabulated in Parascopy source data, Prodanov & Bansal 2022); all 45 are NA-prefixed and not yet counted. HGSVC3 (Logsdon 2025) resolved MHC haplotypes with RCCX structure for ~65 genomes. WGS comparators: Parascopy (2,504), QuicK-mer2, C4Investigator. 602 trios.	recall 0.69 of reads cut from the unit; NA12878 scan: 6,274 reads, 99.71% at its reference copies; indicative fetch +0.94 MB	-
HERVC4	multicopy-genes	positional	candidate: no sinks yet	B	candidates,cand_multicopy_genes	experimental/candidates/multicopy-genes.k31.panel.tsv.gz	-	Copies of the 6.4-kb HERV-K(C4) insertion in intron 9 of long C4 genes: the number of long C4 genes (C4L); C4S = C4 - HERVC4.	HGSVC3 MHC haplotypes give C4 long/short per haplotype (Logsdon 2025, Supp. Table 47); Fernando 2010 set via Parascopy gives totals only; trios.	recall 1.00 of reads cut from the unit; NA12878 scan: 1,585 reads, 100.00% at its reference copies; indicative fetch +0.90 MB	-
CYP21A2	multicopy-genes	positional	candidate: no sinks yet	B	candidates,cand_multicopy_genes	experimental/candidates/multicopy-genes.k31.panel.tsv.gz	-	CYP21A2 functional-gene copies (vs the CYP21A1P pseudogene), per diploid genome; deletions and CYP21A1P/CYP21A2 fusions (congenital adrenal hyperplasia alleles) lower it.	DRAGEN 4.2.7 targeted caller output for the cohort (targeted.json cyp21a2 totalCopyNumber, 3,202 genomes; whether it counts the gene alone or gene+pseudogene must be checked before use); HGSVC3 RCCX haplotypes; trios.	recall 0.52 of reads cut from the unit; NA12878 scan: 522 reads, 99.62% at its reference copies; indicative fetch +0.46 MB	-
AMY1	multicopy-genes	positional	candidate: no sinks yet	A	candidates,cand_multicopy_genes,candidates_A,truths	experimental/candidates/multicopy-genes.k31.panel.tsv.gz	-	Diploid salivary amylase AMY1 gene copies (2-20).	Bolognini 2024 per-sample AMY1 for 3,200 cohort genomes (same NYGC reads); HPRC assembly counts (partly circular with pangenome genotyping); trios. Biobank positive control: AMY1 with denture use in UKB (Kamitaki 2026, P=5.9e-35).	recall 0.99 of reads cut from the unit; NA12878 scan: 6,449 reads, 99.94% at its reference copies; indicative fetch +0.65 MB	-
AMY2B	multicopy-genes	positional	candidate: no sinks yet	A	candidates,cand_multicopy_genes,candidates_A,truths	experimental/candidates/multicopy-genes.k31.panel.tsv.gz	-	Diploid AMY2B copies (2-4 common).	1000 Genomes phase-3 Genome STRiP DUP_gs_CNV_1_104102743_104136676 (hg19; independent low-coverage reads; CN3 4.3%, CN4 1.0%); Bolognini 2024.	recall 0.98 of reads cut from the unit; NA12878 scan: 5,822 reads, 99.62% at its reference copies; indicative fetch +0.34 MB	-
SMN	multicopy-genes	positional	candidate: no sinks yet	A	candidates,cand_multicopy_genes,candidates_A,truths	experimental/candidates/multicopy-genes.k31.panel.tsv.gz	-	Total SMN copies (SMN1 + SMN2), per diploid genome.	DRAGEN SMN caller per sample (smn1CopyNumber + smn2CopyNumber in targeted.json, 3,202 genomes; same reads); trios.	recall 0.97 of reads cut from the unit; NA12878 scan: 13,677 reads, 99.52% at its reference copies; indicative fetch +1.92 MB	-
SMN1	multicopy-genes	positional	candidate: no sinks yet	A	candidates,cand_multicopy_genes,candidates_A,truths	experimental/candidates/multicopy-genes.k31.panel.tsv.gz	-	SMN1 copies (the functional gene; 0 in SMA patients, 1 in carriers), read from k-mers that cover SMN1/SMN2 differences, c.840C (chr5:70,951,946, exon 7) first.	DRAGEN SMN caller smn1CopyNumber for 3,202 genomes (same reads); trios. Biobank: SMNCopyNumberCaller on ~490k UKB genomes (Hall 2026).	recall 0.06 of reads cut from the unit; NA12878 scan: 330 reads, 99.70% at its reference copies; indicative fetch +0.75 MB	-
RHD	multicopy-genes	positional	candidate: no sinks yet	A	candidates,cand_multicopy_genes,candidates_A,truths	experimental/candidates/multicopy-genes.k31.panel.tsv.gz	-	RHD copies (0/1/2; RhD-negative = 0), distinguished from RHCE.	DRAGEN rh caller rhdCopyNumber for 3,202 genomes (same reads); 1KGP 30x SV HGSV_2700 (70-kb RHD deletion, AF 0.19); phase-3 SV; trios.	recall 0.67 of reads cut from the unit; NA12878 scan: 5,350 reads, 92.67% at its reference copies; indicative fetch +0.94 MB; RHCE alleles that carry RHD sequence add reads (NA12878: 6% placed at RHCE), so windows are biased in their carriers	-
HBA	multicopy-genes	positional	candidate: no sinks yet	A	candidates,cand_multicopy_genes,candidates_A,truths	experimental/candidates/multicopy-genes.k31.panel.tsv.gz	-	Total alpha-globin gene copies (HBA1 + HBA2; 4 normal, 3 for -alpha3.7/-alpha4.2 carriers, 5-6 for triplications).	DRAGEN hba genotype per sample in targeted.json (3,202 genomes; e.g. -a3.7 carriers); trios.	recall 1.00 of reads cut from the unit; NA12878 scan: 1,178 reads, 100.00% at its reference copies; indicative fetch +0.26 MB	-
GSTM1	multicopy-genes	positional	candidate: no sinks yet	A	candidates,cand_multicopy_genes,candidates_A,truths	experimental/candidates/multicopy-genes.k31.panel.tsv.gz	-	GSTM1 copies (0/1/2; the null deletion is ~50% homozygous in Europeans).	1KGP 30x SV HGSV_9692 (GSTM1 deletion, AF 0.43); phase-3 SV; trios.	recall 0.92 of reads cut from the unit; NA12878 scan: 763 reads, 95.81% at its reference copies; indicative fetch +0.19 MB; off-target floor from single-substitution alleles elsewhere: 4% of NA12878's reads (about 0.06 copies)	-
GSTT1	multicopy-genes	positional	candidate: no sinks yet	A	candidates,cand_multicopy_genes,candidates_A,truths	experimental/candidates/multicopy-genes.k31.panel.tsv.gz	-	GSTT1 copies (0/1/2; the null deletion is common, 60%+ homozygous in East Asians).	Phase-3 SV genotypes; the existing 1,748 scans already give GSTT1 by alt-contig tallies (CN0 539, CN1 839, CN2 368; 384 of 385 trios Mendelian); 30x SV callset.	recall 0.95 of reads cut from the unit; NA12878 scan: 2,197 reads, 65.41% at its reference copies; indicative fetch +0.40 MB	-
UGT2B17	multicopy-genes	positional	candidate: no sinks yet	A	candidates,cand_multicopy_genes,candidates_A,truths	experimental/candidates/multicopy-genes.k31.panel.tsv.gz	-	UGT2B17 copies (0/1/2; 116-kb deletion, common in East Asians).	Phase-3 SV genotypes (116-kb deletion); 30x SV callset; trios.	recall 0.92 of reads cut from the unit; NA12878 scan: 174 reads, 0.00% at its reference copies; indicative fetch +0.29 MB; off-target floor from single-substitution alleles elsewhere: 174 reads (about 0.05 copies) in NA12878, a deleted genome	-
LCE3BC	multicopy-genes	positional	candidate: no sinks yet	A	candidates,cand_multicopy_genes,candidates_A,truths	experimental/candidates/multicopy-genes.k31.panel.tsv.gz	-	Copies of the LCE3C_LCE3B segment (0/1/2; the deletion is a psoriasis risk allele).	1KGP 30x SV HGSV_11490 (32.2-kb deletion, AF 0.42, 213 homozygous); phase-3 SV; trios.	recall 0.99 of reads cut from the unit; NA12878 scan: 3,987 reads, 98.14% at its reference copies; indicative fetch +0.53 MB	-
APOBEC3B	multicopy-genes	positional	candidate: no sinks yet	A	candidates,cand_multicopy_genes,candidates_A,truths	experimental/candidates/multicopy-genes.k31.panel.tsv.gz	-	Copies of the APOBEC3B deletion segment (0/1/2; the 29.5-kb deletion fuses APOBEC3A to the APOBEC3B 3' UTR; common in East Asians and Oceanians).	Phase-3 SV genotypes; Kidd 2007 population frequencies; trios.	recall 0.94 of reads cut from the unit; NA12878 scan: 7,767 reads, 97.59% at its reference copies; indicative fetch +0.67 MB; off-target floor from single-substitution alleles elsewhere: 2.4% of NA12878's reads (about 0.07 copies)	-
HPR	multicopy-genes	positional	candidate: no sinks yet	A	candidates,cand_multicopy_genes,candidates_A,truths	experimental/candidates/multicopy-genes.k31.panel.tsv.gz	-	Haptoglobin-related gene copies (multi-allelic, 1-5+ per haplotype).	Phase-3 Genome STRiP phased haplotype CN (GS vs 30x GATK-SV r = 0.995, 98.5% exact); 30x GATK-SV; trios.	recall 0.97 of reads cut from the unit; NA12878 scan: 3,252 reads, 99.81% at its reference copies; indicative fetch +0.32 MB	-
HPdup	multicopy-genes	positional	candidate: no sinks yet	B	candidates,cand_multicopy_genes	experimental/candidates/multicopy-genes.k31.panel.tsv.gz	-	Copies of the 1.7-kb HP exon 3-4 segment: 1 per Hp1 and 2 per Hp2 allele, so diploid 2 (Hp1-1), 3 (Hp2-1) or 4 (Hp2-2).	No per-sample 1000G truth identified (Boettger 2016 imputed the Hp2 duplication in other cohorts); trio transmission; the 2-3-4 ladder is itself a check.	recall 0.84 of reads cut from the unit; NA12878 scan: 758 reads, 100.00% at its reference copies; indicative fetch +0.16 MB	-
CCL3L	multicopy-genes	positional	candidate: no sinks yet	A	candidates,cand_multicopy_genes,candidates_A,truths	experimental/candidates/multicopy-genes.k31.panel.tsv.gz	-	Copies of the CCL3L-CCL4L duplication block (CCL3L1/CCL3L3 with CCL4L1/CCL4L2), per diploid genome (0-10+).	Phase-3 Genome STRiP and 30x GATK-SV (HGSV_216328; r = 0.90, 82% exact between them); trios.	recall 0.93 of reads cut from the unit; NA12878 scan: 3,495 reads, 85.09% at its reference copies; indicative fetch +1.43 MB; CCL3/CCL4-block alleles carrying CCL3L-like sequence add reads (NA12878: 14% placed there, about 0.3 copies), so windows at unit 0-6, 12, 16 and 20-24 kb are inflated in their carriers	-
ORM1	multicopy-genes	positional	candidate: no sinks yet	A	candidates,cand_multicopy_genes,candidates_A,truths	experimental/candidates/multicopy-genes.k31.panel.tsv.gz	-	ORM1 copies (runaway multi-allelic duplication haplotypes).	Phase-3 GS vs 30x GATK-SV r = 0.84 (90% exact); trios.	recall 0.69 of reads cut from the unit; NA12878 scan: 715 reads, 99.86% at its reference copies; indicative fetch +0.17 MB; unit is the gene and 1 kb downstream: ORM2-locus alleles carried the upstream flank's k-mers	-
DEFB	multicopy-genes	positional	candidate: no sinks yet	B	candidates,cand_multicopy_genes	experimental/candidates/multicopy-genes.k31.panel.tsv.gz	-	Diploid copies of the 8p23.1 beta-defensin repeat (DEFB4, DEFB103-107, SPAG11; 2-12), REPD and REPP summed.	No usable per-sample truth (GATK-SV and phase-3 GS split reads between the reference copies: modes 3 and 1 where the literature mode is 4); trio reliability only.	recall 0.99 of reads cut from the unit; NA12878 scan: 47,048 reads, 99.67% at its reference copies; indicative fetch +2.42 MB	-
FCGR3	multicopy-genes	positional	candidate: no sinks yet	B	candidates,cand_multicopy_genes	experimental/candidates/multicopy-genes.k31.panel.tsv.gz	-	FCGR3A + FCGR3B copies together (diploid, usually 4; FCGR3B deletions/duplications).	Phase-3 GS DUP_gs_CNV_1_161570323_161598180 over FCGR3B only (GRCh37, low-coverage reads); the 30x GATK-SV FCGR record is intergenic and not FCGR3B; trios.	recall 1.00 of reads cut from the unit; NA12878 scan: 3,758 reads, 99.84% at its reference copies; indicative fetch +0.43 MB	-
DEFA1A3	multicopy-genes	positional	candidate: no sinks yet	B	candidates,cand_multicopy_genes	experimental/candidates/multicopy-genes.k31.panel.tsv.gz	-	Diploid DEFA1/DEFA3 copies in the 19-kb tandem array (4-16+).	FiberFISH on 4 LCLs (Hughes 2020; 2 uncounted: NA19320, NA18533); Hughes 2020 qPCR for 69 and HTS estimates (release unverified); GATK-SV RD_CN; trios.	recall 0.89 of reads cut from the unit; NA12878 scan: 8,308 reads, 99.11% at its reference copies; indicative fetch +0.55 MB	-
NPY4R	multicopy-genes	positional	candidate: no sinks yet	A	candidates,cand_multicopy_genes,candidates_A,truths	experimental/candidates/multicopy-genes.k31.panel.tsv.gz	-	Copies of the 118-kb 10q11.22 segmental duplication carrying NPY4R/NPY4R2 (diploid 2-8 in NPY4R terms; reference 4).	Shebanits 2019 ddPCR on 18 cohort members (several in trios); 30x GATK-SV HGSV_147694 (r = 0.82 with ddPCR); phase-3 GS (r = 0.93).	recall 1.00 of reads cut from the unit; NA12878 scan: 45,815 reads, 99.77% at its reference copies; indicative fetch +2.08 MB	-
SULT1A	multicopy-genes	positional	candidate: no sinks yet	B	candidates,cand_multicopy_genes	experimental/candidates/multicopy-genes.k31.panel.tsv.gz	-	Copies of the SULT1A2-SULT1A1 tandem duplicon pair (SULT1A1 CN 0-9; linked to drug sulfation and eGFR).	30x GATK-SV HGSV_207805 (spans both genes); phase-3 GS; UKB exome mCNV-eGFR association (Eisenberg 2026 preprint); Hebbring 2007 activity. Trios.	recall 0.76 of reads cut from the unit; NA12878 scan: 5,149 reads, 99.46% at its reference copies; indicative fetch +0.56 MB	-
RASA4	multicopy-genes	positional	candidate: no sinks yet	B	candidates,cand_multicopy_genes	experimental/candidates/multicopy-genes.k31.panel.tsv.gz	-	Diploid copies of the 7q22.1 99-kb tandem unit (RASA4, UPK3BL, SPDYE2, POLR2J2/3; 2-14; T2D and chronotype, Hujoel 2024).	30x GATK-SV HGSV_114537 RD_CN for 3,202 (coarse: probably units/2, already at the trio ceiling); HPRC assemblies; no 1000G call exists for the RASA4 Y731C PSV.	recall 0.73 of reads cut from the unit; NA12878 scan: 62,953 reads, 98.92% at its reference copies; indicative fetch +5.53 MB	-
NOTCH2NL	multicopy-genes	positional	candidate: no sinks yet	B	candidates,cand_multicopy_genes	experimental/candidates/multicopy-genes.k31.panel.tsv.gz	-	Total NOTCH2NL-type copies (NOTCH2NLA/B/C/R plus the NOTCH2 5' region, which is fixed at 2): ~10 per diploid genome; 1q21.1 CNVs change it.	Shen & Kidd 2020 Supp. Table S1: QuicK-mer2 per-sample gene copy number for 2,457 1KGP 30x genomes (same reads); ctyper can be re-run; trios.	recall 0.99 of reads cut from the unit; NA12878 scan: 94,688 reads, 99.89% at its reference copies; indicative fetch +4.57 MB	-
TBC1D3	multicopy-genes	positional	candidate: no sinks yet	C	candidates,cand_multicopy_genes	experimental/candidates/multicopy-genes.k31.panel.tsv.gz	-	Total 17q12 TBC1D3 paralog copies (hominoid-specific, highly copy-variable).	Shen & Kidd 2020 per-sample gene CN (same reads); HPRC assemblies; trios.	recall 0.76 of reads cut from the unit; NA12878 scan: 13,454 reads, 98.99% at its reference copies; indicative fetch +10.43 MB	-
TSPY	sex-chromosome-arrays	positional	candidate: no sinks yet	A	candidates,cand_sex_arrays,candidates_A,truths	experimental/candidates/sex-chromosome-arrays.k31.panel.tsv.gz	-	TSPY array units per Y plus the one TSPY2 unit (subtract 1 for array units); continuous copy number (about 20-60 units), about 2,000 fragment ends per unit in a 30x male.	Hallast 2023 (Nature 621:355) TSPY array sizes for 43 assembled 1000 Genomes males (Tables S15-S18; HG00731, HG02492, HG03009, HG02554, HG02953 among the 1,748 counted); Hallast 2026 preprint (142 Y assemblies). Teitz 2018 does NOT call TSPY. Y-linked: father-to-son transmission (203 counted pairs, parents and children in different release batches) and females as an expected zero.	recall 0.97 of reads cut from the unit; NA12878 scan: 12 reads, too few to place	-
RBMY	sex-chromosome-arrays	positional	candidate: no sinks yet	B	candidates,cand_sex_arrays	experimental/candidates/sex-chromosome-arrays.k31.panel.tsv.gz	-	RBMY1 gene copies per Y (6 full + 1 partial in both references).	No per-sample table (Teitz 2018 drops RBMY); counts could be read from HPRC/HGSVC Y assemblies. Y-linked: father-to-son transmission (203 counted pairs, parents and children in different release batches) and females as an expected zero.	recall 0.96 of reads cut from the unit; NA12878 scan: 47 reads, 0.00% at its reference copies; off-target floor: 47 reads on other chromosomes in NA12878, a woman (about 0.03 copies)	-
DAZ	sex-chromosome-arrays	positional	candidate: no sinks yet	A	candidates,cand_sex_arrays,candidates_A,truths	experimental/candidates/sex-chromosome-arrays.k31.panel.tsv.gz	-	DAZ gene copies per Y (4 in both references); gr/gr and b2/b3 deletions remove two. Not the DAZ-repeat number inside each gene (blind).	Teitz 2018 Table S4 integer states of the AZFc amplicons holding DAZ (P1/P2 palindrome arms) for 1,216 1KGP males (DAZ itself not called); Choi 2026 medRxiv gr/gr calls in 1KGP 30x (47/1,194). Y-linked: father-to-son transmission (203 counted pairs, parents and children in different release batches) and females as an expected zero.	recall 0.47 of reads cut from the unit; NA12878 scan: 109 reads, 0.92% at its reference copies; indicative fetch +0.27 MB; off-target floor: 108 reads on other chromosomes in NA12878, a woman (about 0.03 copies)	-
BPY2	sex-chromosome-arrays	positional	candidate: no sinks yet	A	candidates,cand_sex_arrays,candidates_A,truths	experimental/candidates/sex-chromosome-arrays.k31.panel.tsv.gz	-	BPY2 copies per Y (3 in the references).	Teitz 2018 Table S4 states of the green amplicons (g1-g3) for 1,216 1KGP males; Choi 2026 gr/gr calls. Y-linked: father-to-son transmission (203 counted pairs, parents and children in different release batches) and females as an expected zero.	recall 1.00 of reads cut from the unit; NA12878 scan: 1 reads, too few to place	-
CDY1	sex-chromosome-arrays	positional	candidate: no sinks yet	B	candidates,cand_sex_arrays	experimental/candidates/sex-chromosome-arrays.k31.panel.tsv.gz	-	CDY1 copies per Y (2 in the references); CDY1 deletions accompany some gr/gr deletions.	Teitz 2018 amplicon states for the arms that hold CDY1 (1,216 1KGP males). Y-linked: father-to-son transmission (203 counted pairs, parents and children in different release batches) and females as an expected zero.	recall 0.80 of reads cut from the unit; NA12878 scan: 0 reads, too few to place; built with only its own copies masked, so its paralog copies are background	-
CDY2	sex-chromosome-arrays	positional	candidate: no sinks yet	B	candidates,cand_sex_arrays	experimental/candidates/sex-chromosome-arrays.k31.panel.tsv.gz	-	CDY2 copies per Y (2 in the references; P5 arm dosage).	Teitz 2018 P5 palindrome states (1,216 1KGP males). Y-linked: father-to-son transmission (203 counted pairs, parents and children in different release batches) and females as an expected zero.	recall 0.80 of reads cut from the unit; NA12878 scan: 0 reads, too few to place; built with only its own copies masked, so its paralog copies are background	-
DYZ19	sex-chromosome-arrays	compositional	candidate: no sinks yet	A	candidates,cand_sex_arrays,candidates_A,truths	experimental/candidates/sex-chromosome-arrays.k31.panel.tsv.gz	-	DYZ19 array mass per Y (Mb; 63.5-428 kb in Hallast 2023).	Hallast 2023 per-sample DYZ19 array sizes for 43 assembled 1000 Genomes Ys (Tables S14-S16, not yet downloaded; HG02492 carries a ~200-kb deletion, his father HG02490 the same Y). Y-linked: father-to-son transmission (203 counted pairs, parents and children in different release batches) and females as an expected zero.	recall 0.95 of reads cut from the unit; NA12878 scan: 3 reads, too few to place	-
OPN1	sex-chromosome-arrays	positional	candidate: no sinks yet	A	candidates,cand_sex_arrays,candidates_A,truths	experimental/candidates/sex-chromosome-arrays.k31.panel.tsv.gz	-	Opsin array units (LW + MW genes) per X; males integer 1-6, females the sum of two arrays.	Anderson 2026 medRxiv: targeted ONT assembly OPN1LW/OPN1MW copy numbers for 206 1kGP samples with ddPCR (Supplemental Tables 2-3, not downloaded; overlap with the counted genomes unknown); HPRC/HGSVC assemblies. X-linked trio design: males hemizygous, father-to-daughter obligatory, father-to-son absent (a built-in null), sons carry one maternal X.	recall 0.96 of reads cut from the unit; NA12878 scan: 27,048 reads, 99.60% at its reference copies; indicative fetch +0.84 MB	-
OPN1LW	sex-chromosome-arrays	positional	candidate: no sinks yet	C	candidates,cand_sex_arrays	experimental/candidates/sex-chromosome-arrays.k31.panel.tsv.gz	-	Copies of LW-type exon 5 per X (13 LW/MW differences in the 840 bp, 11 of them in exon 5).	Anderson 2026 per-sample OPN1LW copy numbers (ONT + ddPCR, 206 1kGP). X-linked trio design: males hemizygous, father-to-daughter obligatory, father-to-son absent (a built-in null), sons carry one maternal X.	recall 0.54 of reads cut from the unit; NA12878 scan: 119 reads, 100.00% at its reference copies; indicative fetch +0.26 MB; built with only its own copies masked, so its paralog copies are background	-
OPN1MW	sex-chromosome-arrays	positional	candidate: no sinks yet	C	candidates,cand_sex_arrays	experimental/candidates/sex-chromosome-arrays.k31.panel.tsv.gz	-	Copies of MW-type exon 5 per X.	Anderson 2026 per-sample OPN1MW copy numbers (ONT + ddPCR, 206 1kGP). X-linked trio design: males hemizygous, father-to-daughter obligatory, father-to-son absent (a built-in null), sons carry one maternal X.	recall 0.54 of reads cut from the unit; NA12878 scan: 202 reads, 100.00% at its reference copies; indicative fetch +0.63 MB; built with only its own copies masked, so its paralog copies are background (k-mers present in all five MW copies)	-
GAGE	sex-chromosome-arrays	positional	candidate: no sinks yet	B	candidates,cand_sex_arrays	experimental/candidates/sex-chromosome-arrays.k31.panel.tsv.gz	-	GAGE array units per X (GRCh38 ~11, CHM13 ~20, measured 19-32 per X in five NYGC genomes).	Brahmachary 2014 Table S2: Nanostring GAGE6 probe counts for 165 HapMap LCLs (158 in the cohort, none among the 1,748 counted; relative counts, not copy numbers); Porubsky 2025 CEPH 1463 assemblies (NA12878 family); HPRC assemblies. X-linked trio design: males hemizygous, father-to-daughter obligatory, father-to-son absent (a built-in null), sons carry one maternal X.	recall 0.97 of reads cut from the unit; NA12878 scan: 46,263 reads, 99.89% at its reference copies; indicative fetch +1.10 MB	-
CT45	sex-chromosome-arrays	positional	candidate: no sinks yet	B	candidates,cand_sex_arrays	experimental/candidates/sex-chromosome-arrays.k31.panel.tsv.gz	-	CT45 array units per X (GRCh38 ~9 genes CT45A1-A10).	Brahmachary 2014 Nanostring CT45 probe counts (158 HapMap cohort members, relative); assemblies. X-linked trio design: males hemizygous, father-to-daughter obligatory, father-to-son absent (a built-in null), sons carry one maternal X.	recall 0.92 of reads cut from the unit; NA12878 scan: 21,434 reads, 99.75% at its reference copies; indicative fetch +0.84 MB	-
SPANXB	sex-chromosome-arrays	positional	candidate: no sinks yet	D	candidates,cand_sex_arrays	experimental/candidates/sex-chromosome-arrays.k31.panel.tsv.gz	-	SPANXB copies per X (the variable SPANX member).	No per-sample 1000G truth (Brahmachary probes SPANXA1, Lucotte 2018 is SGDP); assemblies only. X-linked trio design: males hemizygous, father-to-daughter obligatory, father-to-son absent (a built-in null), sons carry one maternal X.	recall 0.51 of reads cut from the unit; NA12878 scan: 2,410 reads, 92.07% at its reference copies; indicative fetch +1.01 MB; 7.9% of NA12878's reads were placed at SPANXA1/A2 and SPANXC, so it reads SPANXB-type sequence, not copies alone	-
TDNA1Q23	rna-arrays	positional	candidate: no sinks yet	A	candidates,cand_rna_arrays,candidates_A,truths	experimental/candidates/rna-arrays.k31.panel.tsv.gz	-	Diploid number of 7,380-bp tDNA units at 1q23.3, i.e. the dosage of five tRNA isodecoder families carried on the array. Output is a per-10-bp unit profile.	HPRC release-2 assemblies span the array in 278 of 280 haplotypes of 139 cohort members that are already counted: 5.4-40.4 units per haplotype, 17.9-57.9 diploid. 97 of them are 1000G trio children with pat/mat-phased assemblies, and both parents of each are scanned, so the transmitted allele sizes are known. Darrow & Chadwick 2014 (PMID 24753417) report 9-43 units per allele and instability in CEPH1331; for CEPH1345 (all six members are in the 3,202) sizes are shown only on a gel.	recall 1.00 of reads cut from the unit; NA12878 scan: 40,377 reads, 99.98% at its reference copies; indicative fetch +1.54 MB	-
RNU1	rna-arrays	positional	candidate: no sinks yet	A	candidates,cand_rna_arrays,candidates_A,truths	experimental/candidates/rna-arrays.k31.panel.tsv.gz	-	Diploid number of canonical U1 snRNA repeat units at 1p36.13, counted from about 2.6 kb of k-mer-bearing sequence per unit. It counts units, not exact genes: the 164-bp gene body is not in the panel because it is identical at the 1q21 vU1 and chr14 loci.	HPRC r2 exact-gene counts have been measured for 40 cohort members (4-10 per haplotype, 10-17 diploid). About 200 cohort members have r2 assemblies, 130 of them already scanned. The truth should be recounted as units carrying the 400 core k-mers rather than exact genes. As a proxy from existing counts, the chr1_KI270713v1_random per-contig tally correlates r=0.77-0.83 with the assembly counts and transmits with R_mid 0.99 in 385 trios. Nakashima 2025 (PMID 40425278) reports 5-13 canonical U1 per haplotype in HPRC r1.	recall 0.22 of reads cut from the unit; NA12878 scan: 5,972 reads, 99.93% at its reference copies; indicative fetch +2.11 MB	-
SNORD3	rna-arrays	positional	candidate: no sinks yet	B	candidates,cand_rna_arrays	experimental/candidates/rna-arrays.k31.panel.tsv.gz	-	Diploid number of U3 snoRNA modules, i.e. U3 (SNORD3) gene dosage in the 17p11.2 REPA/REPB structural polymorphism. The reference has 10 (5 per haplotype). The class cannot tell which copy a read came from.	The 1KGP 30x SV callset (Byrska-Bishop 2022) gives read-depth copy number (RD_CN 1-7) for all 3,202 genomes at six records inside the block; for example, HGSV_215119 has 1,873 genomes at CN2, 930 at CN3, 332 at CN4 and 63 at CN5. It comes from the same reads, so it is a comparator, not independent truth. Independent truth would come from HPRC r2 or HGSVC3 assemblies, which have not been counted yet.	recall 0.90 of reads cut from the unit; NA12878 scan: 4,900 reads, 99.92% at its reference copies; indicative fetch +1.19 MB	-
SNORD116	rna-arrays	positional	candidate: no sinks yet	A	candidates,cand_rna_arrays,candidates_A,truths	experimental/candidates/rna-arrays.k31.panel.tsv.gz	-	Array dosage along the SNORD116 cluster, which is 2 copies in most people. Deletions and duplications of 1-24 kb (for example the recurrent 1,075-bp deletion) show as dips or peaks in the per-window profile; the whole-array total barely varies.	The 1KGP 30x SV callset has genotypes for all 3,202 genomes; for example, the 1,075-bp deletion has AF 0.041 (257 het, 4 hom). For events of at least 1 kb, the callset's own trio check finds 18 Mendelian errors in 311 informative pairs. It comes from the same reads, so it is a comparator. HPRC r2 assemblies of about 200 cohort members (43 of them carrying a SNORD SV of at least 1 kb) can give independent counts, not yet extracted.	recall 0.98 of reads cut from the unit; NA12878 scan: 13,890 reads, 99.70% at its reference copies; indicative fetch +0.34 MB	-
SNORD115	rna-arrays	positional	candidate: no sinks yet	A	candidates,cand_rna_arrays,candidates_A,truths	experimental/candidates/rna-arrays.k31.panel.tsv.gz	-	Array dosage along the SNORD115 cluster as a per-window profile: recurrent unit deletions of 2,139, 5,169 and 10,587 bp (homozygous carriers exist) and rare duplications.	The 1KGP 30x SV callset covers all 3,202 genomes: the 2,139-bp deletion has 142 het and 36 hom carriers, the 5,169-bp deletion 151 het and 12 hom, the 10,587-bp deletion 59 het. The same losses appear in 1000G phase 3 and DGV. HPRC r2 assemblies can give independent counts.	recall 0.94 of reads cut from the unit; NA12878 scan: 25,517 reads, 99.90% at its reference copies; indicative fetch +0.61 MB	-
HHV6A	nonhuman	positional	candidate: no sinks yet	A	candidates,cand_nonhuman,candidates_A,truths	experimental/candidates/nonhuman.k31.panel.tsv.gz	-	HHV-6A dosage per genome, and from the unit profile whether a carrier holds a whole integrated genome or only a direct repeat left by excision (the DR bins against the U bins). Copies per cell come from the control fragment rate and the unit length, as for rDNA45S.	Telford 2018 (Sci Rep 8:3472) Table 1: 11 HHV-6-positive 1000 Genomes individuals with species called from the phase-3 screen of 2,535 individuals, 9 of them in the 3,202 (HHV-6A: HG00657, HG01277, NA18999), ddPCR 0.92-1 copies per cell; the other ~2,524 screened individuals are negative truth. The integrated genomes of HG00657 and NA18999 are in GenBank (MG894370.1, MG894374.1, KY316047.1) and are in the recall set above. Trio transmission is a second, internal test: the existing decoy tallies already show 0/5 transmissions from 4 carrier parents.	recall 0.98 of reads cut from the unit; NA12878 scan: 0 reads, too few to place; telomere-repeat and microsatellite k-mers removed (they gave 21 NA12878 reads; 0 after)	-
HHV6B	nonhuman	positional	candidate: no sinks yet	A	candidates,cand_nonhuman,candidates_A,truths	experimental/candidates/nonhuman.k31.panel.tsv.gz	-	HHV-6B dosage per genome and the whole-genome versus solo-DR profile, as for HHV6A. HHV-6B is the commoner integrant (about 1% of people in UK Biobank against 0.3% for 6A).	Telford 2018 Table 1 (HHV-6B: HG00245, HG00362, HG01058, HG01162, HG02016, HG02301, NA19381, NA19382; ddPCR 0.92-1 copies per cell) with the genomes MG894368/369/372/373 as recall material, plus negative truth for the rest of the phase-3 screen. Trio transmission inside the cohort. Kamitaki 2026 gives the biobank-scale prevalence to compare against (eHHV-6B 1.03% of 490,401 UK Biobank donors).	recall 0.99 of reads cut from the unit; NA12878 scan: 0 reads, too few to place; telomere-repeat and microsatellite k-mers removed	-
HHV7	nonhuman	positional	candidate: no sinks yet	C	candidates,cand_nonhuman	experimental/candidates/nonhuman.k31.panel.tsv.gz	-	HHV-7 load, and - the reason it is here whether or not HHV-7 itself is wanted - it competes for reads that would otherwise inflate the HHV-6 direct repeat. A prior measurement had 116 of 124 HHV-7 cross-hits landing in the HHV-6B DR; building HHV7 in the same run drops every k-mer it shares with the roseoloviruses from both.	None per sample. HHV-7 is near-universal in adults as a salivary virus but rare in LCL DNA: 0 reads in the five unmapped bins tested here. Chrisman 2022 reports fewer than 10 HHV-7 reads per sample in iHART WGS, with children higher than parents - a testable batch/age prediction in this cohort, since all trio children are in the 698 batch.	recall 0.98 of reads cut from the unit; NA12878 scan: 0 reads, too few to place; telomere-repeat and microsatellite k-mers removed (they gave 283 NA12878 reads at chromosome ends; 0 after)	-
SMRV	nonhuman	positional	candidate: no sinks yet	A	candidates,cand_nonhuman,candidates_A,truths	experimental/candidates/nonhuman.k31.panel.tsv.gz	-	SMRV copies per cell in a lymphoblastoid line: a BSL-2 retrovirus carried by some B95-8-derived cultures. Kojima found it at 0.10-2.34x autosomal depth in 12 CEU lines, i.e. from a minor subclone to more than one copy per cell.	Kojima, Kamada & Parrish 2021 (PLoS Genet 17:e1009324) S1 Table: per-sample SMRV mapped length, depth and ratio to autosomal depth for 12 CEU 1000 Genomes LCLs (NA11840, NA11920, NA11930, NA11933, NA12286, NA12287, NA12399, NA12400, NA12760, NA12762, NA12763, NA12776), with blood-derived DNA from the same subjects negative and PCR confirmation. All 12 are in the 3,202 and none is among the 1,748 genomes scanned so far, so the remaining scans are a clean recall and precision test against a published table. Spouse pairs are positive together, so the class should also show batch structure and no Mendelian transmission - a negative control for the trio machinery.	recall 0.93 of reads cut from the unit; NA12878 scan: 0 reads, too few to place	-
PHIX	nonhuman	positional	candidate: no sinks yet	C	candidates,cand_nonhuman	experimental/candidates/nonhuman.k31.panel.tsv.gz	-	How much of the Illumina spike-in reached this library. On a NovaSeq run phiX is not indexed, so what appears in a sample is index hopping and barcode misassignment: a direct per-library gauge of the same process that puts a trace of every other sample into this one.	None per sample. The test is structural: the reading should track flowcell, lane and release batch rather than the donor, and it should be independent of everything biological in the cohort. That makes it the cleanest available negative control for any batch effect the cohort reports, and a covariate for the low-level cross-sample contamination that matters for chrY-in-XX and heteroplasmy analyses.	recall 1.00 of reads cut from the unit; NA12878 scan: 10 reads, too few to place	-
MYCO	nonhuman	compositional	candidate: no sinks yet	C	candidates,cand_nonhuman	experimental/candidates/nonhuman-myco.k31.panel.tsv.gz	-	Whether a cell line was contaminated with culture mycoplasma, and how heavily: reads per million control fragments, or genome equivalents per cell from the 0.67-1.12 Mb genomes. A contaminated LCL has altered nucleotide metabolism, so this is a covariate for every LCL-derived dosage the cohort reports.	None per sample. Langdon 2014 (BioData Min 7:3) reports at least 7% of 1000 Genomes samples contaminated, but from the older low-coverage GRCh37 data and with no per-sample table. The internal test is plate and release-batch structure, and the four arginini decoys give a weak independent check: across the 1,748 existing scans no sample has more than 4 reads on them, so a heavy arginini-like contamination would already have shown.	recall 1.00 of reads cut from the unit; NA12878 scan: 0 reads, too few to place	-
EBV2	nonhuman	compositional	candidate: no sinks yet	B	candidates,cand_nonhuman	experimental/candidates/nonhuman.k31.panel.tsv.gz	-	Whether the virus that transformed a line (or a second virus the donor carried) is EBV type 2 rather than type 1, and in what proportion. Type 2 differs from type 1 chiefly in these latency genes, transforms B cells less efficiently, and is much commoner in sub-Saharan Africa.	No per-sample type table exists for the 1000 Genomes LCLs, so the test is a population prediction over 26 populations with a large n: type 2 should be concentrated in the African-ancestry panels and rare elsewhere, and its reading should be proportional to the chrEBV load the cohort already publishes. Kamitaki 2026 (Nature 653:1099) typed EBV this way across 490,401 UK Biobank and 414,817 All of Us genomes and is the external anchor for the method and for the expected type-2 frequency. Santpere 2014 shows at least 10 of these LCLs carry a donor virus beside B95-8, which is where a type-2 genome would be.	recall 0.98 of reads cut from the unit; NA12878 scan: 34 reads, 100.00% at its reference copies; indicative fetch +2.23 MB; type-1 floor proportional to EBV load: 1.9e-5 of chrEBV reads in NA12878 (B95-8), all in the EBNA-3 block; call type 2 from the EBV2/chrEBV ratio or EBNA-2-block reads, not from a count	-
VNTR_ACAN	coding-vntrs	compositional	candidate: no sinks yet	A	candidates,cand_coding_vntrs,candidates_A,truths	experimental/candidates/coding-vntrs.k31.panel.tsv.gz	-	Diploid length of the ACAN exon-12 57-bp coding VNTR (chondroitin-sulfate attachment domain), in bp and 57-bp units; UKB alleles 13-44 units.	No deposited per-sample table. Allele lengths are exact in HPRC release-2 and HGSVC2/3 haplotype assemblies of ~200 cohort members (map the flanks, as done here for CHM13; Mukamel 2021 compared their ACAN estimates with HGSVC2) and in 1000G ONT reads (Gustafson et al. 2024, PMID 39358015, 100+ samples at 37x, read N50 54 kb, so the arrays are spanned). Trios: child = one allele from each parent.	recall 1.00 of reads cut from the unit; NA12878 scan: 535 reads, 99.63% at its reference copies; indicative fetch +0.19 MB	-
VNTR_MUC1	coding-vntrs	compositional	candidate: no sinks yet	A	candidates,cand_coding_vntrs,candidates_A,truths	experimental/candidates/coding-vntrs.k31.panel.tsv.gz	-	Diploid length of the MUC1 60-bp coding VNTR (20-125 units per allele), in bp and units; GC 0.80.	As ACAN: HPRC/HGSVC assemblies (MUC1 arrays of 1.5-5 kb are within HiFi reach, completeness to be checked per haplotype) and 1000G ONT spanning reads. Mukamel 2021 compared MUC1 with HGSVC2; no per-1000G-sample values are public.	recall 1.00 of reads cut from the unit; NA12878 scan: 920 reads, 95.33% at its reference copies; indicative fetch +0.39 MB	-
VNTR_MUC19	coding-vntrs	compositional	candidate: no sinks yet	A	candidates,cand_coding_vntrs,candidates_A,truths	experimental/candidates/coding-vntrs.k31.panel.tsv.gz	-	Diploid length of the MUC19 exonic 30-bp VNTR (the whole exonic 30-bp-family repeat, chr12:40,479,264-40,491,199), in bp and 30-bp units; per-chromosome averages 268-493 units in 1KG populations.	Villanea et al. 2025 (Science 389:eadl0882, PMID 40839725) counted the repeats in 1KG individuals and report per-individual averages of the two chromosomes (their tables S14-S17; data DRYAD doi:10.5061/dryad.z612jm6pj, not downloaded here; which 1KG data they counted from was not checked). HPRC/HGSVC assemblies of cohort members as for ACAN.	recall 1.00 of reads cut from the unit; NA12878 scan: 3,651 reads, 99.92% at its reference copies; indicative fetch +0.33 MB; hs38d1 decoy chrUn_JTFH01000840v1_decoy is MUC19 array sequence, masked as its own copy	-
VNTR_FLG	coding-vntrs	compositional	candidate: no sinks yet	B	candidates,cand_coding_vntrs	experimental/candidates/coding-vntrs.k31.panel.tsv.gz	-	Diploid number of filaggrin repeats (972 bp each; 10, 11 or 12 per allele), i.e. diploid mass / 972.	No per-1000G-sample table. Integer allele sizes in HPRC/HGSVC assemblies and 1000G ONT reads (a 10-12 kb array is spanned by ONT reads). GRCh38 = 11 repeats (10,828 bp), CHM13 = 12 (11,800 bp).	recall 1.00 of reads cut from the unit; NA12878 scan: 2,702 reads, 100.00% at its reference copies; indicative fetch +0.25 MB	-
VNTR_NEB	coding-vntrs	compositional	candidate: no sinks yet	B	candidates,cand_coding_vntrs	experimental/candidates/coding-vntrs.k31.panel.tsv.gz	-	Diploid copy number of the ~10.6-kb nebulin triplicate (TRI) block (exons 82-105); 3 per allele, 6 diploid normally.	Integer: 3 blocks per allele is the normal count (Sagath et al. 2022, PMID 35576196, custom ddPCR and the group's earlier aCGH, clinical samples outside this cohort); how often other counts occur in the population was not checked; HPRC assemblies of cohort members. No 1000G table checked (the GATK-SV 3,202 callset was not searched here).	recall 0.99 of reads cut from the unit; NA12878 scan: 7,851 reads, 99.66% at its reference copies; indicative fetch +0.41 MB	-
VNTR_MUC4	coding-vntrs	compositional	candidate: no sinks yet	C	candidates,cand_coding_vntrs	experimental/candidates/coding-vntrs.k31.panel.tsv.gz	-	Diploid length of the MUC4 48-bp coding VNTR (exon 2), GRCh38 9.8 kb, CHM13 17.0 kb, alt alleles 9.8-15.8 kb.	Assemblies (HPRC/HGSVC) and ONT reads of cohort members; no public per-sample table found.	recall 1.00 of reads cut from the unit; NA12878 scan: 4,052 reads, 99.63% at its reference copies; indicative fetch +0.86 MB	-
VNTR_DMBT1	coding-vntrs	compositional	candidate: no sinks yet	C	candidates,cand_coding_vntrs	experimental/candidates/coding-vntrs.k31.panel.tsv.gz	-	Diploid length of the DMBT1 SRCR-SID repeat region (4,059-bp blocks; GRCh38 19.7 kb, CHM13 11.6 kb): the number of bacteria-binding SRCR domains.	Polley et al. 2016 (EJHG 24:1294, PMID 26813944) typed the two CNV regions by PRT in European cohorts, not 1000G; assemblies of cohort members.	recall 0.99 of reads cut from the unit; NA12878 scan: 4,121 reads, 99.59% at its reference copies; indicative fetch +0.33 MB	-
VNTR_HRNR	coding-vntrs	compositional	candidate: no sinks yet	C	candidates,cand_coding_vntrs	experimental/candidates/coding-vntrs.k31.panel.tsv.gz	-	Diploid length of the hornerin repeat region (1,410/351-bp periods; GRCh38 7.8 kb, CHM13 19.8 kb).	Assemblies and ONT reads of cohort members.	recall 1.00 of reads cut from the unit; NA12878 scan: 4,268 reads, 99.93% at its reference copies; indicative fetch +0.40 MB	-
VNTR_MUC12	coding-vntrs	compositional	candidate: no sinks yet	D	candidates,cand_coding_vntrs	experimental/candidates/coding-vntrs.k31.panel.tsv.gz	-	Diploid length of the MUC12 coding tandem-repeat region (84-bp units at 64% identity with 753/1,422-bp higher-order periods; GRCh38 11.3 kb, CHM13 28.8 kb).	Assemblies of cohort members.	recall 0.97 of reads cut from the unit; NA12878 scan: 7,852 reads, 99.96% at its reference copies; indicative fetch +0.47 MB	-
VNTR_MUC6	coding-vntrs	compositional	candidate: no sinks yet	D	candidates,cand_coding_vntrs	experimental/candidates/coding-vntrs.k31.panel.tsv.gz	-	Diploid length of the MUC6 coding tandem repeat (507-bp periods).	Assemblies of cohort members.	recall 1.00 of reads cut from the unit; NA12878 scan: 2,673 reads, 99.74% at its reference copies; indicative fetch +1.02 MB; hs38d1 decoy chrUn_JTFH01000899v1_decoy is MUC6 array sequence, masked as its own copy	-
VNTR_AHNAK2	coding-vntrs	compositional	candidate: no sinks yet	D	candidates,cand_coding_vntrs	experimental/candidates/coding-vntrs.k31.panel.tsv.gz	-	Diploid length of the AHNAK2 495-bp coding repeat (GRCh38 11.8 kb, CHM13 9.9 kb).	Assemblies of cohort members.	recall 1.00 of reads cut from the unit; NA12878 scan: 3,041 reads, 99.93% at its reference copies; indicative fetch +0.23 MB	-
VNTR_EPPK1	coding-vntrs	compositional	candidate: no sinks yet	D	candidates,cand_coding_vntrs	experimental/candidates/coding-vntrs.k31.panel.tsv.gz	-	Diploid length of the epiplakin plakin-repeat array (1,602-bp units at 99%; GRCh38 8.6 kb, CHM13 10.1 kb).	Assemblies of cohort members.	recall 0.97 of reads cut from the unit; NA12878 scan: 3,158 reads, 100.00% at its reference copies; indicative fetch +0.47 MB	-
VNTR_C2orf78	coding-vntrs	compositional	candidate: no sinks yet	D	candidates,cand_coding_vntrs	experimental/candidates/coding-vntrs.k31.panel.tsv.gz	-	Diploid length of the C2orf78 coding repeat (4,891-bp units x5.7 at 94-99%; GRCh38 27.8 kb, CHM13 22.9 kb: one unit apart).	Assemblies of cohort members.	recall 1.00 of reads cut from the unit; NA12878 scan: 8,389 reads, 99.53% at its reference copies; indicative fetch +0.52 MB	-
VNTR_PLIN4	coding-vntrs	compositional	candidate: no sinks yet	D	candidates,cand_coding_vntrs	experimental/candidates/coding-vntrs.k31.panel.tsv.gz	-	Diploid length of the PLIN4 99-bp coding repeat (GRCh38 2.6 kb, CHM13 2.8 kb).	Assemblies and ONT reads.	recall 1.00 of reads cut from the unit; NA12878 scan: 946 reads, 99.89% at its reference copies; indicative fetch +0.43 MB	-
VNTR_TRIOBP	coding-vntrs	compositional	candidate: no sinks yet	D	candidates,cand_coding_vntrs	experimental/candidates/coding-vntrs.k31.panel.tsv.gz	-	Diploid length of the TRIOBP exon-7 repeat (147/216-bp periods; GRCh38 1.3 kb, CHM13 1.6 kb).	Assemblies and ONT reads.	recall 1.00 of reads cut from the unit; NA12878 scan: 397 reads, 98.74% at its reference copies; indicative fetch +0.40 MB	-
VNTR_NCAPG2	coding-vntrs	compositional	candidate: no sinks yet	D	candidates,cand_coding_vntrs	experimental/candidates/coding-vntrs.k31.panel.tsv.gz	-	Diploid length of the NCAPG2 29-bp coding repeat (GRCh38 1.07 kb, CHM13 1.15 kb).	Assemblies and ONT reads.	recall 1.00 of reads cut from the unit; NA12878 scan: 596 reads, 96.81% at its reference copies; indicative fetch +0.37 MB	-
VNTR_ZNF512B	coding-vntrs	compositional	candidate: no sinks yet	D	candidates,cand_coding_vntrs	experimental/candidates/coding-vntrs.k31.panel.tsv.gz	-	Diploid length of the ZNF512B 43-bp coding repeat (GRCh38 31 units, CHM13 2 units).	Assemblies and ONT reads.	recall 1.00 of reads cut from the unit; NA12878 scan: 164 reads, 99.39% at its reference copies; indicative fetch +0.23 MB	-
VNTR_TUBGCP2	coding-vntrs	compositional	candidate: no sinks yet	D	candidates,cand_coding_vntrs	experimental/candidates/coding-vntrs.k31.panel.tsv.gz	-	Diploid length of the TUBGCP2 94/188-bp coding repeat (GRCh38 1.28 kb, CHM13 92 bp).	Assemblies and ONT reads.	recall 1.00 of reads cut from the unit; NA12878 scan: 113 reads, 100.00% at its reference copies; indicative fetch +0.21 MB	-
VNTR_UVSSA	coding-vntrs	compositional	candidate: no sinks yet	D	candidates,cand_coding_vntrs	experimental/candidates/coding-vntrs.k31.panel.tsv.gz	-	Diploid length of the UVSSA 31-bp coding repeat (GRCh38 1.18 kb, CHM13 0.72 kb).	Assemblies and ONT reads.	recall 1.00 of reads cut from the unit; NA12878 scan: 302 reads, 100.00% at its reference copies; indicative fetch +0.21 MB	-
