ACAN	chr15	88855422	88857301	57	TRF 57-bp x32.8 (94%)
MUC1	chr1	155188675	155192051	60	TRF 60-bp x36.5 + x19.9 (92%)
HRNR	chr1	152213250	152221067	1410	TRF 1410-bp x5.6 (94%), 351-bp x22.2
DMBT1	chr10	122598646	122618372	4059	minimap2 self-alignment, SRCR-SID blocks of 4059 bp (91-94%), spanning the Mukamel region chr10:122599445-122617454
MUC12	chr7	100993064	101004399	84	TRF 84-bp x125 (64%), 753/1422-bp higher-order periods
EPPK1	chr8	143858045	143866608	1602	TRF 1602-bp x5.3 (99%)
C2orf78	chr2	73782727	73810537	4891	minimap2 self-alignment, 4891-bp blocks x5.7 (94-99%)
MUC4	chr3	195778849	195788662	48	TRF 96/144-bp periods of the 48-bp MUC4 unit x102 (87%)
NEB	chr2	151577838	151609620	10600	minimap2 self-alignment, the triplicate (TRI) region, 3 blocks of ~10.6 kb (97.5-98.6%)
TRIOBP	chr22	37723684	37725006	147	TRF 147-bp x8.8 (91%), 72/216-bp
NCAPG2	chr7	158667329	158668396	29	TRF 29-bp x36.9 (87%), 202-bp x5.3 (92%)
MUC6	chr11	1016561	1018289	507	TRF 507-bp x2.1 (94%), 672-bp x2 (90%)
ZNF512B	chr20	63964798	63966159	43	TRF 43-bp x31 (95%)
AHNAK2	chr14	104941599	104953442	495	TRF 495-bp x24 (89%)
TUBGCP2	chr10	133291220	133292503	94	TRF 94-bp x8.7 (94%), 188-bp x7
UVSSA	chr4	1394530	1395705	31	TRF 31-bp x38 (89%)
PLIN4	chr19	4510856	4513487	99	TRF 99-bp x26.3 (74%), 297/396-bp
MUC19	chr12	40479263	40491199	30	TRF 30-bp x287.5 (79%) at 40482592-40491199 (the Villanea et al. 2025 VNTR, hg19 chr12:40876395-40885001) plus the 30-bp-family repeats upstream in the same exon, incl. Mukamel's 447-bp regions 40480051-40481941
FLG	chr1	152303179	152314007	972	TRF 972-bp x11.1 (92%): the filaggrin repeats
