ACAN	chr15	86610065	86611944	+
AHNAK2	chr14	99188073	99197936	+
C2orf78	chr2	73795821	73818728	+
DMBT1	chr10	123481805	123493413	+
EPPK1	chr8	145014736	145024880	+
FLG	chr1	151438755	151450555	+
HRNR	chr1	151336817	151356632	+
MUC1	chr1	154328291	154330614	+
MUC12	chr7	102298307	102327135	+
MUC19	chr12	40431337	40444589	+
MUC4	chr3	198569462	198586478	-
MUC6	chr11	1075477	1088173	+
NCAPG2	chr7	159894626	159895779	+
NEB	chr2	152029655	152061393	+
PLIN4	chr19	4494341	4497170	+
TRIOBP	chr22	38184899	38186515	+
TUBGCP2	chr10	134246848	134246940	+
UVSSA	chr4	1393173	1393889	+
ZNF512B	chr20	65785759	65785843	+
